time,latitude,longitude,depth,mag,magType,nst,gap,dmin,rms,net,id,updated,place,type,horizontalError,depthError,magError,magNst,status,locationSource,magSource
2020-05-01T23:58:59.650Z,35.6856667,-117.5276667,8.4,1.06,ml,24,78,0.1124,0.15,ci,ci38476202,2020-05-02T00:10:48.493Z,"14km SW of Searles Valley, CA",earthquake,0.24,0.87,0.117,11,reviewed,ci,ci
2020-05-01T23:58:50.010Z,38.4686667,-112.8016667,3.08,-0.16,md,4,285,0.04792,0.02,uu,uu60383217,2020-05-04T17:45:07.290Z,"19km ENE of Milford, Utah",earthquake,1.14,1.08,0.507,2,reviewed,uu,uu
2020-05-01T23:58:35.910Z,35.6273333,-117.4633333,7.69,1.09,ml,19,66,0.04075,0.1,ci,ci38476194,2020-05-04T20:33:26.748Z,"16km SSW of Searles Valley, CA",earthquake,0.26,0.47,0.142,14,reviewed,ci,ci
2020-05-01T23:57:03.240Z,38.8223343,-122.8061676,3.07,0.55,md,11,59,0.00323,0.02,nc,nc73379080,2020-05-02T00:03:03.636Z,"7km NW of The Geysers, CA",earthquake,0.44,1.3,,1,automatic,nc,nc
2020-05-01T23:52:49.360Z,38.8216667,-122.8061676,2.63,1.17,md,30,36,0.003506,0.02,nc,nc73379075,2020-05-02T01:03:04.048Z,"7km NW of The Geysers, CA",earthquake,0.19,0.38,0.15,7,automatic,nc,nc
2020-05-01T23:50:51.670Z,38.4703333,-112.7971667,3.21,-0.15,md,5,288,0.05172,0.03,uu,uu60383212,2020-05-04T17:43:29.640Z,"20km ENE of Milford, Utah",earthquake,0.87,1.02,0.589,2,reviewed,uu,uu
2020-05-01T23:49:03.410Z,38.472,-112.7966667,3.26,0.38,md,7,184,0.04924,0.13,uu,uu60383207,2020-05-04T17:40:53.150Z,"20km ENE of Milford, Utah",earthquake,0.66,1.43,0.443,3,reviewed,uu,uu
2020-05-01T23:46:56.800Z,61.0096,-150.9573,57.9,1.1,ml,,,,0.28,ak,ak0205m5jaga,2020-05-05T20:52:44.811Z,"39km NNE of Nikiski, Alaska",earthquake,,0.5,,,reviewed,ak,ak
2020-05-01T23:46:11.960Z,36.5108333,-121.0918333,5.59,1.4,md,19,88,0.06179,0.06,nc,nc73379070,2020-05-06T01:38:03.892Z,"5km ESE of Pinnacles, CA",earthquake,0.25,0.81,0.117,12,reviewed,nc,nc
2020-05-01T23:43:48.350Z,38.4585,-112.8173333,2.89,-0.54,md,4,271,0.0346,0.08,uu,uu60022109,2020-05-04T17:32:32.940Z,"18km ENE of Milford, Utah",earthquake,1.38,0.83,0.247,2,reviewed,uu,uu
2020-05-01T23:43:20.390Z,38.4675,-112.8016667,3.76,-0.21,md,4,284,0.04769,0.04,uu,uu60383202,2020-05-04T17:29:42.820Z,"19km ENE of Milford, Utah",earthquake,1.42,1.14,0.397,2,reviewed,uu,uu
2020-05-01T23:41:25.992Z,60.3004,-141.5243,0,1.3,ml,,,,0.36,ak,ak0205m5i5py,2020-05-05T20:52:43.937Z,"56km ENE of Cape Yakataga, Alaska",ice quake,,0,,,reviewed,ak,ak
2020-05-01T23:37:13.990Z,36.1416667,-117.9253333,4.57,0.82,ml,12,219,0.06191,0.07,ci,ci38476178,2020-05-04T20:26:58.711Z,"11km N of Coso Junction, CA",earthquake,0.42,0.24,0.315,6,reviewed,ci,ci
2020-05-01T23:31:27.820Z,38.8955,-123.599,6.91,1.47,md,16,151,0.08215,0.16,nc,nc73379065,2020-05-02T08:02:03.160Z,"9km ESE of Point Arena, CA",earthquake,0.38,1.06,0.182,7,reviewed,nc,nc
2020-05-01T23:26:24.990Z,42.436,-122.780833333333,-1.56,1.72,md,5,247,0.415,0.4,uw,uw61618951,2020-05-05T22:01:05.170Z,"4km SSE of Eagle Point, Oregon",explosion,3.52,31.61,0.182611863697014,4,reviewed,uw,uw
2020-05-01T23:23:49.460Z,35.5433333,-117.4361667,5.13,0.24,ml,4,201,0.04802,0.02,ci,ci38476170,2020-05-01T23:56:53.082Z,"23km ESE of Ridgecrest, CA",earthquake,0.76,0.21,0.022,1,reviewed,ci,ci
2020-05-01T23:23:13.885Z,64.9829,-147.4074,0,1,ml,,,,0.3,ak,ak0205m5e9nf,2020-05-05T20:52:43.143Z,"21km NE of Fairbanks, Alaska",explosion,,0,,,reviewed,ak,ak
2020-05-01T23:22:33.450Z,38.8258324,-122.7826691,1.73,1.13,md,20,46,0.01099,0.03,nc,nc73379055,2020-05-02T04:00:04.689Z,"5km W of Cobb, CA",earthquake,0.22,0.37,0.11,6,automatic,nc,nc
2020-05-01T23:18:21.460Z,19.1876659,-155.4528351,34.26,1.88,md,25,200,0.07449,0.12,hv,hv71495987,2020-05-01T23:21:28.920Z,"3km SE of Pahala, Hawaii",earthquake,1.18,1.47,0.24,3,automatic,hv,hv
2020-05-01T23:18:12.260Z,35.9466667,-117.7186667,2.76,0.69,ml,14,87,0.05542,0.05,ci,ci38476162,2020-05-04T20:24:43.704Z,"17km E of Little Lake, CA",earthquake,0.16,0.2,0.005,3,reviewed,ci,ci
2020-05-01T23:12:18.230Z,36.1413333,-117.9295,4.63,0.98,ml,17,98,0.06491,0.11,ci,ci38476154,2020-05-04T19:12:29.023Z,"11km N of Coso Junction, CA",earthquake,0.24,0.37,0.274,9,reviewed,ci,ci
2020-05-01T23:07:57.268Z,-6.265,130.2468,154.09,4.3,mb,,87,2,1.07,us,us70009b5c,2020-07-18T21:57:44.040Z,"286 km WSW of Tual, Indonesia",earthquake,6.4,10.1,0.161,11,reviewed,us,us
2020-05-01T23:07:31.597Z,60.4582,-143.2533,13.2,1.1,ml,,,,0.35,ak,ak0205m5avkb,2020-05-05T20:52:42.192Z,"63km NW of Cape Yakataga, Alaska",earthquake,,0.1,,,reviewed,ak,ak
2020-05-01T22:59:46.770Z,38.8219986,-122.8073349,2.73,0.89,md,14,73,0.01687,0.03,nc,nc73379050,2020-05-01T23:06:03.043Z,"7km NW of The Geysers, CA",earthquake,0.29,0.74,0.02,3,automatic,nc,nc
2020-05-01T22:59:38.270Z,36.1106667,-117.852,5.24,0.68,ml,11,145,0.007277,0.05,ci,ci38476146,2020-05-01T23:58:28.096Z,"11km NE of Coso Junction, CA",earthquake,0.24,0.34,0.096,5,reviewed,ci,ci
2020-05-01T22:59:30.540Z,19.1773338,-155.440506,37.97,1.93,md,24,166,0.08971,0.09,hv,hv71495972,2020-05-01T23:02:46.390Z,"5km SE of Pahala, Hawaii",earthquake,0.94,1.71,0.05,4,automatic,hv,hv
2020-05-01T22:55:16.340Z,36.5021667,-121.0773333,7.15,1.13,md,8,127,0.04933,0.06,nc,nc73379040,2020-05-06T01:12:03.718Z,"7km ESE of Pinnacles, CA",earthquake,0.78,2.51,0.301,7,reviewed,nc,nc
2020-05-01T22:54:16.350Z,37.6386667,-118.9436667,5.26,0.48,md,17,72,0.02502,0.05,nc,nc73379045,2020-05-01T23:37:04.462Z,"3km E of Mammoth Lakes, CA",earthquake,0.38,0.46,0.335,14,reviewed,nc,nc
2020-05-01T22:53:10.909Z,14.4479,-93.1347,35,4.3,mb,,179,0.957,0.92,us,usd000cj19,2020-07-18T21:57:49.040Z,"82 km WSW of Puerto Madero, Mexico",earthquake,5.1,2,0.045,138,reviewed,us,us
2020-05-01T22:52:38.220Z,51.963,-171.0909,36.63,3,ml,,217,1.862,0.48,us,us70009ana,2020-07-18T21:57:40.040Z,"186 km SW of Nikolski, Alaska",earthquake,9.8,24,0.115,10,reviewed,us,us
2020-05-01T22:47:27.079Z,57.1359,-155.1016,63,2.2,ml,,,,0.64,ak,ak0205m4y0b8,2020-05-05T20:52:41.169Z,"81km WSW of Larsen Bay, Alaska",earthquake,,0.3,,,reviewed,ak,ak
2020-05-01T22:47:25.450Z,33.5026667,-116.5048333,10.61,0.64,ml,22,119,0.05889,0.09,ci,ci38476130,2020-05-02T00:01:44.850Z,"17km ESE of Anza, CA",earthquake,0.17,0.27,0.136,8,reviewed,ci,ci
2020-05-01T22:47:15.720Z,33.509,-116.5078333,10.59,0.04,ml,7,186,0.0521,0.07,ci,ci37444301,2020-05-02T00:05:07.868Z,"16km ESE of Anza, CA",earthquake,0.35,0.52,0.213,4,reviewed,ci,ci
2020-05-01T22:45:54.070Z,38.4695,-112.7961667,3.06,0.04,md,6,185,0.05231,0.03,uu,uu60383192,2020-05-04T17:27:14.370Z,"20km ENE of Milford, Utah",earthquake,0.45,1.04,0.49,3,reviewed,uu,uu
2020-05-01T22:39:02.564Z,61.0706,-152.0129,93.3,1.1,ml,,,,0.27,ak,ak0205m4w508,2020-05-05T20:52:40.249Z,"57km NW of Nikiski, Alaska",earthquake,,0.5,,,reviewed,ak,ak
2020-05-01T22:37:16.330Z,52.0578333,-176.085,7.4,-0.75,ml,5,116,0.02281,0.13,av,av70891284,2020-05-02T01:36:04.240Z,"44km ENE of Adak, Alaska",earthquake,0.65,0.99,0.202,5,reviewed,av,av
2020-05-01T22:35:22.770Z,17.9561,-66.8425,15,2.49,md,21,186,0.0413,0.19,pr,pr2020122024,2020-05-01T23:27:50.512Z,"4km SSW of Indios, Puerto Rico",earthquake,0.6,0.43,0.42,19,reviewed,pr,pr
2020-05-01T22:30:00.980Z,40.7588333,-112.0651667,8.37,1.03,ml,17,76,0.01126,0.09,uu,uu60383187,2020-05-04T14:25:33.510Z,"6km NNE of Magna, Utah",earthquake,0.27,0.61,0.217,2,reviewed,uu,uu
2020-05-01T22:29:42.570Z,38.8311653,-122.8184967,1.64,0.93,md,13,54,0.0152,0.02,nc,nc73379030,2020-05-01T22:36:03.800Z,"8km NW of The Geysers, CA",earthquake,0.25,0.49,0.05,3,automatic,nc,nc
2020-05-01T22:27:17.146Z,13.8389,144.7962,138.51,4.3,mb,,74,0.257,0.65,us,us700098h1,2020-07-18T21:57:10.040Z,"34 km NNW of Yigo Village, Guam",earthquake,9.4,4.7,0.038,193,reviewed,us,us
2020-05-01T22:26:22.090Z,36.1448333,-117.9215,4.42,2.09,ml,34,62,0.06042,0.14,ci,ci38476114,2020-05-04T18:57:41.870Z,"11km NNE of Coso Junction, CA",earthquake,0.16,0.36,0.211,24,reviewed,ci,ci
2020-05-01T22:18:22.593Z,60.2648,-153.0437,138.8,2.9,ml,,,,0.59,ak,ak0205m4rs3z,2020-07-18T21:57:49.040Z,"29km SSW of Redoubt Volcano, Alaska",earthquake,,0.1,,,reviewed,ak,ak
2020-05-01T22:14:45.260Z,38.8193321,-122.7645035,2.16,0.88,md,14,62,0.0119,0.03,nc,nc73379015,2020-05-01T23:13:03.084Z,"4km W of Cobb, CA",earthquake,0.27,0.59,0.14,5,automatic,nc,nc
2020-05-01T22:10:44.287Z,-11.4431,161.9822,10,4.4,mb,,109,2.823,0.42,us,us70009b53,2020-07-18T21:57:43.040Z,"109 km S of Kirakira, Solomon Islands",earthquake,10,1.5,0.162,11,reviewed,us,us
2020-05-01T22:08:11.070Z,36.1261667,-117.8501667,3.05,1.67,ml,26,54,0.009374,0.11,ci,ci38476098,2020-05-04T14:08:00.660Z,"13km NE of Coso Junction, CA",earthquake,0.17,0.28,0.239,25,reviewed,ci,ci
2020-05-01T22:06:03.320Z,33.5178333,-116.514,11.3,0.05,ml,7,177,0.04203,0.11,ci,ci37444309,2020-05-02T00:21:09.956Z,"15km ESE of Anza, CA",earthquake,0.45,0.53,0.128,3,reviewed,ci,ci
2020-05-01T22:05:48.270Z,33.5068333,-116.5055,10.4,0.43,ml,19,89,0.05484,0.09,ci,ci38476090,2020-05-02T00:17:22.319Z,"16km ESE of Anza, CA",earthquake,0.17,0.41,0.074,8,reviewed,ci,ci
2020-05-01T22:05:22.710Z,36.1605,-120.1398333,6.36,1.83,md,37,79,0.1909,0.15,nc,nc73379010,2020-05-02T07:20:15.705Z,"6km SW of Huron, CA",earthquake,0.3,0.72,0.148,15,reviewed,nc,nc
2020-05-01T22:02:26.293Z,66.6963,-135.8018,17.6,0.9,ml,,,,0.37,ak,ak0205m4od10,2020-05-05T20:52:38.024Z,"91km SSW of Fort McPherson, Canada",earthquake,,0.2,,,reviewed,ak,ak
2020-05-01T21:57:31.330Z,17.9368,-66.9116,12,3.59,md,22,206,0.0502,0.13,pr,pr2020122023,2020-07-18T21:57:10.040Z,"13km S of Guanica, Puerto Rico",earthquake,0.59,0.38,0.15,19,reviewed,pr,pr
2020-05-01T21:56:18.940Z,40.7288333,-112.0725,9.79,0.21,md,11,85,0.02501,0.18,uu,uu60383177,2020-05-04T17:19:30.170Z,"3km NE of Magna, Utah",earthquake,0.7,1,0.345,4,reviewed,uu,uu
2020-05-01T21:53:34.401Z,62.5922,-151.1965,90.1,1.1,ml,,,,0.39,ak,ak0205m4dvl1,2020-05-05T20:52:37.117Z,"63km WNW of Talkeetna, Alaska",earthquake,,0.4,,,reviewed,ak,ak
2020-05-01T21:47:23.332Z,-38.0638,-75.2656,10,3.9,mb,,156,2.11,0.47,us,us700098g1,2020-07-18T21:57:10.040Z,"150 km WSW of Lebu, Chile",earthquake,5.7,2,0.364,2,reviewed,us,us
2020-05-01T21:46:48.554Z,-0.0596,123.5027,67.67,4.1,mb,,76,1.219,1.03,us,us70009b58,2020-07-18T21:57:43.040Z,"82 km SE of Gorontalo, Indonesia",earthquake,7.7,5,0.145,13,reviewed,us,us
2020-05-01T21:45:55.000Z,19.2281666,-155.3786621,33.84,2.17,md,40,184,0.02008,0.15,hv,hv71495907,2020-05-01T21:49:09.190Z,"10km ENE of Pahala, Hawaii",earthquake,0.61,0.7,0.15,19,automatic,hv,hv
2020-05-01T21:42:54.860Z,38.8176651,-122.8243332,2.32,0.32,md,9,87,0.009565,0.01,nc,nc73379005,2020-05-01T21:49:02.230Z,"7km NW of The Geysers, CA",earthquake,0.42,1.26,0.24,2,automatic,nc,nc
2020-05-01T21:40:51.453Z,63.0905,-151.4741,0.6,0.7,ml,,,,0.6,ak,ak0205m4b457,2020-05-05T20:52:36.314Z,"110km NW of Talkeetna, Alaska",earthquake,,0.4,,,reviewed,ak,ak
2020-05-01T21:10:04.412Z,62.2382,-149.6425,53.6,1.5,ml,,,,0.38,ak,ak0205m44lfj,2020-05-05T20:52:35.303Z,"13km NE of Y, Alaska",earthquake,,0.2,,,reviewed,ak,ak
2020-05-01T21:07:25.720Z,33.8518333,-117.4891667,-0.49,1.21,ml,33,63,0.05028,0.18,ci,ci38476074,2020-05-04T14:02:37.735Z,"4km SE of Home Gardens, CA",quarry blast,0.3,31.61,0.072,18,reviewed,ci,ci
2020-05-01T21:02:17.460Z,17.9671,-66.873,9,2.45,md,11,192,0.1712,0.31,pr,pr2020122022,2020-05-01T21:18:18.436Z,"2km SE of Maria Antonia, Puerto Rico",earthquake,1.02,2.009,0.32,7,reviewed,pr,pr
2020-05-01T20:57:59.731Z,61.7196,-150.1271,7.6,1.3,ml,,,,0.54,ak,ak0205m3tcq5,2020-05-05T20:52:34.357Z,"5km WSW of Willow, Alaska",earthquake,,0.1,,,reviewed,ak,ak
2020-05-01T20:57:39.420Z,33.716,-116.7633333,16.27,1.24,ml,43,34,0.04126,0.12,ci,ci38476058,2020-05-04T13:57:55.170Z,"5km WSW of Idyllwild, CA",earthquake,0.15,0.27,0.144,24,reviewed,ci,ci
2020-05-01T20:56:05.974Z,36.6534,-116.3736,4.3,0.2,ml,20,90.67,0.027,0.1545,nn,nn00724197,2020-05-02T02:08:40.251Z,"44km SE of Beatty, Nevada",earthquake,,1.2,0.39,9,reviewed,nn,nn
2020-05-01T20:55:24.845Z,60.2746,-153.4955,174.2,3,ml,,,,0.68,ak,ak0205m3sufc,2020-07-18T21:57:09.040Z,"48km WSW of Redoubt Volcano, Alaska",earthquake,,0.2,,,reviewed,ak,ak
2020-05-01T20:54:28.100Z,38.7893333,-122.7614975,0.9,0.78,md,8,119,0.0203,0.04,nc,nc73378990,2020-05-01T21:58:04.042Z,"1km NNW of The Geysers, CA",earthquake,0.32,1,0.11,3,automatic,nc,nc
2020-05-01T20:48:18.460Z,35.8266667,-117.6485,7.17,0.51,ml,13,75,0.04285,0.18,ci,ci38476026,2020-05-01T23:38:19.985Z,"23km N of Ridgecrest, CA",earthquake,0.3,0.56,0.125,4,reviewed,ci,ci
2020-05-01T20:42:39.949Z,61.0355,-152.3091,15.5,0.2,ml,,,,0.34,ak,ak0205m3q3h1,2020-05-05T20:51:41.616Z,"65km NNE of Redoubt Volcano, Alaska",earthquake,,0.4,,,reviewed,ak,ak
2020-05-01T20:41:06.950Z,33.5925,-117.261,5.51,0.45,ml,10,97,0.05524,0.1,ci,ci38476010,2020-05-04T13:50:48.673Z,"2km ESE of Wildomar, CA",earthquake,0.24,0.63,0.132,5,reviewed,ci,ci
2020-05-01T20:30:35.180Z,37.0271667,-121.0953333,-0.25,2.06,md,15,81,0.01084,0.1,nc,nc73378985,2020-05-02T00:11:00.113Z,"22km W of Los Banos, CA",quarry blast,0.28,31.61,0.451,11,reviewed,nc,nc
2020-05-01T20:29:11.425Z,44.5568,-115.2232,16.32,2.8,ml,,81,0.469,0.41,us,us700098en,2020-07-18T21:57:09.040Z,"44 km NNW of Stanley, Idaho",earthquake,1.4,9.7,0.039,88,reviewed,us,us
2020-05-01T20:28:33.357Z,57.2807,-149.8398,10.3,2.9,ml,,,,0.96,ak,ak0205m3n2sl,2020-07-18T21:57:40.040Z,"152km ESE of Kodiak, Alaska",earthquake,,1.1,,,reviewed,ak,ak
2020-05-01T20:28:08.978Z,28.4004,56.9245,10,5,mb,,63,3.501,1.01,us,us700098et,2020-07-18T21:57:09.040Z,"97 km S of Kūh Sefīd, Iran",earthquake,8.4,1.8,0.036,257,reviewed,us,us
2020-05-01T20:27:04.320Z,33.4828333,-116.7986667,6.08,0.53,ml,23,42,0.02949,0.12,ci,ci38476002,2020-05-04T13:48:02.654Z,"8km NE of Aguanga, CA",earthquake,0.19,0.62,0.119,12,reviewed,ci,ci
2020-05-01T20:25:20.500Z,17.9621,-66.825,11,2.47,md,22,188,0.0557,0.24,pr,pr2020122021,2020-05-01T21:06:47.667Z,"3km S of Indios, Puerto Rico",earthquake,0.61,0.46,0.25,17,reviewed,pr,pr
2020-05-01T20:20:24.259Z,-23.9266,179.8797,512.91,4.5,mb,,71,5.648,0.78,us,us700098fa,2020-07-18T21:57:10.040Z,"south of the Fiji Islands",earthquake,11.9,6.6,0.061,83,reviewed,us,us
2020-05-01T20:07:53.809Z,-8.3934,116.9624,20.28,4.3,mb,,55,2.781,0.77,us,us70009b4z,2020-07-18T21:57:43.040Z,"Lombok region, Indonesia",earthquake,3.8,6.9,0.177,11,reviewed,us,us
2020-05-01T20:07:35.020Z,44.4628333333333,-123.215166666667,-0.44,1.34,ml,3,291,0.1825,0.51,uw,uw61618756,2020-05-06T18:26:38.370Z,"11km SSE of Corvallis, Oregon",explosion,3.93,31.61,0.0955988141247118,2,reviewed,uw,uw
2020-05-01T20:06:09.770Z,51.597,-175.8531,35,2.6,ml,,209,0.391,0.61,us,us70009an8,2020-07-18T21:57:40.040Z,"Andreanof Islands, Aleutian Islands, Alaska",earthquake,3.6,2,0.115,10,reviewed,us,us
2020-05-01T20:02:55.727Z,59.8794,-153.5379,139.2,1.8,ml,,,,0.43,ak,ak0205m3hjo4,2020-05-05T20:51:39.042Z,"78km E of Old Iliamna, Alaska",earthquake,,0.5,,,reviewed,ak,ak
2020-05-01T20:01:54.280Z,32.909,-116.9373333,-0.5,1.66,ml,33,94,0.07554,0.27,ci,ci38475946,2020-05-01T20:37:10.990Z,"6km NNW of Lakeside, CA",quarry blast,0.32,31.61,0.195,25,reviewed,ci,ci
2020-05-01T19:53:15.789Z,54.3969,159.956,95.27,4.1,mb,,107,1.58,0.53,us,us700098dx,2020-07-18T21:57:09.040Z,"92 km ESE of Mil’kovo, Russia",earthquake,8,6.2,0.054,103,reviewed,us,us
2020-05-01T19:53:05.497Z,-21.4673,-179.3484,625.25,4.5,mb,,76,4.439,0.67,us,us700098er,2020-07-18T21:57:09.040Z,"Fiji region",earthquake,11.5,6.4,0.058,99,reviewed,us,us
2020-05-01T19:50:40.466Z,51.6878,-173.5035,105.6,1.9,ml,,,,0.35,ak,ak0205m36cse,2020-05-02T00:00:32.185Z,"74km SE of Atka, Alaska",earthquake,,6,,,reviewed,ak,ak
2020-05-01T19:49:35.750Z,38.7896667,-122.767,1.67,-0.49,md,5,149,0.01234,0.01,nc,nc73378980,2020-05-02T08:46:06.177Z,"2km NNW of The Geysers, CA",earthquake,0.44,1.08,,1,reviewed,nc,nc
2020-05-01T19:48:51.450Z,53.9181667,-166.6516667,2.79,-0.86,ml,4,261,0.04065,0.05,av,av70891274,2020-05-02T01:25:29.120Z,"7km WNW of Dutch Harbor, Alaska",earthquake,0.57,0.81,0.146,4,reviewed,av,av
2020-05-01T19:39:47.030Z,48.5136666666667,-123.631166666667,-0.27,0.63,md,6,158,0.1205,0.08,uw,uw61618726,2020-05-05T21:48:08.040Z,"11km NW of Langford, Canada",explosion,0.56,31.61,0.283770878360436,6,reviewed,uw,uw
2020-05-01T19:39:45.610Z,17.9995,-67.0518,7,2.17,md,5,112,0.031,0.22,pr,pr2020122020,2020-05-01T21:05:38.315Z,"2km NNW of La Parguera, Puerto Rico",earthquake,1.17,0.7,0.05,4,reviewed,pr,pr
2020-05-01T19:39:16.970Z,40.7296667,-112.0753333,9.5,0.2,md,7,87,0.0239,0.13,uu,uu60383152,2020-05-04T16:42:24.140Z,"3km NE of Magna, Utah",earthquake,0.5,0.94,0.297,4,reviewed,uu,uu
2020-05-01T19:38:27.610Z,33.26,-116.1916667,10.32,0.86,ml,29,81,0.08506,0.16,ci,ci38475930,2020-05-01T19:54:40.864Z,"14km NNW of Ocotillo Wells, CA",earthquake,0.22,0.53,0.111,15,reviewed,ci,ci
2020-05-01T19:36:17.510Z,38.8321648,-122.8186646,1.61,1.05,md,23,50,0.01103,0.02,nc,nc73378970,2020-05-01T20:18:06.626Z,"8km NW of The Geysers, CA",earthquake,0.2,0.37,0.06,5,automatic,nc,nc
2020-05-01T19:32:31.470Z,44.0078333333333,-122.596166666667,-1.02,1.23,ml,9,108,0.1319,0.34,uw,uw61618721,2020-05-05T21:42:15.640Z,"18km ENE of Lowell, Oregon",explosion,1.01,31.61,0.250244277917183,4,reviewed,uw,uw
2020-05-01T19:32:09.064Z,63.4485,-150.8678,14.2,0.8,ml,,,,0.38,ak,ak0205m32gcc,2020-05-05T20:51:38.246Z,"95km W of Cantwell, Alaska",earthquake,,0.1,,,reviewed,ak,ak
2020-05-01T19:31:16.410Z,53.8478333,-166.4648333,10.98,0.18,ml,7,209,0.02365,0.09,av,av70891269,2020-05-02T01:22:27.200Z,"5km ESE of Unalaska, Alaska",earthquake,0.74,0.43,0.332,7,reviewed,av,av
2020-05-01T19:30:25.296Z,58.0441,-154.1514,73.1,1.4,ml,,,,0.32,ak,ak0205m3226i,2020-05-05T20:51:37.310Z,"57km N of Larsen Bay, Alaska",earthquake,,0.3,,,reviewed,ak,ak
2020-05-01T19:25:19.180Z,36.1081667,-117.5861667,6.3,0.26,ml,9,123,0.09328,0.1,ci,ci37444285,2020-05-01T23:27:50.478Z,"33km ENE of Coso Junction, CA",earthquake,0.31,1.22,0.003,1,reviewed,ci,ci
2020-05-01T19:25:11.040Z,35.9925,-117.6851667,3.78,0.68,ml,13,73,0.0527,0.1,ci,ci38475914,2020-05-01T23:30:05.690Z,"21km ENE of Little Lake, CA",earthquake,0.21,0.49,0.112,6,reviewed,ci,ci
2020-05-01T19:23:24.620Z,38.836834,-122.8028336,1.64,0.76,md,14,128,0.00988,0.03,nc,nc73378960,2020-05-01T19:55:05.727Z,"7km WNW of Cobb, CA",earthquake,0.29,0.46,0.01,3,automatic,nc,nc
2020-05-01T19:22:09.570Z,38.8404999,-122.8376694,1.82,0.77,md,21,86,0.002558,0.02,nc,nc73378955,2020-05-01T19:37:02.911Z,"10km NW of The Geysers, CA",earthquake,0.22,0.43,0.31,4,automatic,nc,nc
2020-05-01T19:20:22.650Z,19.335,-155.1265,5.96,2.3,ml,48,125,0.04894,0.1,hv,hv71495782,2020-05-01T23:46:48.610Z,"15km SE of Volcano, Hawaii",earthquake,0.34,0.48,0.126,25,reviewed,hv,hv
2020-05-01T19:12:46.730Z,17.948,-66.5916,6,2.55,md,16,191,0.0959,0.22,pr,pr2020122019,2020-05-05T21:53:28.831Z,"7km SSE of Ponce, Puerto Rico",earthquake,0.55,0.34,0.34,13,reviewed,pr,pr
2020-05-01T19:12:20.832Z,-23.8581,-175.2395,10,4.7,mb,,108,5.88,0.78,us,us70009b57,2020-07-18T21:57:43.040Z,"281 km S of ‘Ohonua, Tonga",earthquake,10.5,1.2,0.102,41,reviewed,us,us
2020-05-01T19:09:39.023Z,-24.8759,179.7527,495.97,4.5,mb,,73,4.817,0.92,us,us700098cw,2020-07-18T21:57:09.040Z,"south of the Fiji Islands",earthquake,7.9,6,0.049,120,reviewed,us,us
2020-05-01T19:02:50.320Z,46.2561666666667,-122.505333333333,-1.06,1.47,ml,21,98,0.1225,0.23,uw,uw61618706,2020-05-01T21:33:17.440Z,"31km E of Castle Rock, Washington",explosion,0.52,31.61,0.108987887854017,13,reviewed,uw,uw
2020-05-01T18:54:25.287Z,64.8363,-148.1241,10,0.4,ml,,,,0.35,ak,ak0205m2lrsa,2020-05-05T20:51:36.561Z,"5km WSW of Ester, Alaska",earthquake,,0.1,,,reviewed,ak,ak
2020-05-01T18:42:39.751Z,44.5424,-115.2677,13.63,2.5,ml,,83,0.446,1.24,us,us700098c9,2020-07-18T21:57:09.040Z,"44 km NW of Stanley, Idaho",earthquake,2.1,8.8,0.049,54,reviewed,us,us
2020-05-01T18:30:24.420Z,37.9816667,-122.4573333,-0.03,1.13,md,16,126,0.02448,0.1,nc,nc73378940,2020-05-02T00:01:58.443Z,"6km ESE of Santa Venetia, CA",quarry blast,0.39,31.61,0.26,13,reviewed,nc,nc
2020-05-01T18:28:42.966Z,58.474,-137.0447,0,2.6,ml,,,,0.62,ak,ak0205m2g8ge,2020-07-18T21:57:09.040Z,"87km W of Gustavus, Alaska",ice quake,,0,,,reviewed,ak,ak
2020-05-01T18:26:46.840Z,33.5026667,-116.516,9.21,1.49,ml,46,55,0.05611,0.17,ci,ci38475874,2020-05-01T19:30:44.804Z,"16km ESE of Anza, CA",earthquake,0.2,0.41,0.244,27,reviewed,ci,ci
2020-05-01T18:26:30.345Z,37.1116,-114.7354,0,1.8,ml,8,114.84,0.388,0.2221,nn,nn00724185,2020-05-02T02:08:36.489Z,"47km SE of Alamo, Nevada",earthquake,,0,0.88,6,reviewed,nn,nn
2020-05-01T18:17:43.818Z,-15.6688,-173.2174,10,4.6,mb,,121,2.233,0.69,us,us70009b54,2020-07-18T21:57:43.040Z,"69 km ENE of Hihifo, Tonga",earthquake,7.6,1.9,0.157,15,reviewed,us,us
2020-05-01T18:06:14.140Z,43.5873333333333,-123.225666666667,-0.35,1.35,ml,7,120,0.1152,0.16,uw,uw61618641,2020-05-04T23:18:07.220Z,"4km ESE of Yoncalla, Oregon",explosion,0.47,31.61,0.0479120201020349,4,reviewed,uw,uw
2020-05-01T18:03:43.800Z,38.0446667,-118.7523333,2.7,2.15,md,27,109,0.2839,0.06,nc,nc73378930,2020-05-02T12:32:03.907Z,"29km SE of Bodie, CA",earthquake,0.33,7.97,0.198,26,reviewed,nc,nc
2020-05-01T18:03:13.186Z,35.0244,24.6592,43.51,4.3,mb,,62,0.323,0.62,us,us700098be,2020-07-18T21:57:09.040Z,"8 km SSW of Agía Galíni, Greece",earthquake,5.8,6,0.071,64,reviewed,us,us
2020-05-01T18:00:30.870Z,45.1606,-106.7446,0,2.8,ml,,104,1.571,0.65,us,us700098ba,2020-07-18T21:57:09.040Z,"25 km SW of Birney, Montana",mining explosion,5.6,1.8,0.053,46,reviewed,us,us
2020-05-01T18:00:19.640Z,58.1868333,-155.2806667,1.68,-1.21,ml,5,146,0.03422,0.14,av,av70891244,2020-05-01T19:34:00.350Z,"98km SE of King Salmon, Alaska",earthquake,0.62,1.38,0.237,5,reviewed,av,av
2020-05-01T17:57:50.330Z,52.0738333,-176.1228333,2.53,-0.86,ml,4,205,0.02413,0.25,av,av70891264,2020-05-02T00:52:13.950Z,"42km ENE of Adak, Alaska",earthquake,1.04,1.79,0.181,4,reviewed,av,av
2020-05-01T17:50:17.106Z,57.7502,-154.7267,52.8,1.4,ml,,,,0.39,ak,ak0205m1zgkf,2020-05-05T20:51:34.022Z,"50km WNW of Larsen Bay, Alaska",earthquake,,0.5,,,reviewed,ak,ak
2020-05-01T17:43:23.150Z,36.1083333,-117.5868333,4.87,1.04,ml,16,123,0.09382,0.1,ci,ci38475834,2020-05-01T19:45:41.521Z,"33km ENE of Coso Junction, CA",earthquake,0.19,1.21,0.173,10,reviewed,ci,ci
2020-05-01T17:39:46.880Z,36.1056667,-117.5921667,2.55,1.54,ml,26,48,0.09616,0.12,ci,ci38475826,2020-05-01T19:41:08.390Z,"33km ENE of Coso Junction, CA",earthquake,0.13,0.25,0.168,16,reviewed,ci,ci
2020-05-01T17:21:56.140Z,38.427,-122.7691667,6.48,1.28,md,19,63,0.05254,0.1,nc,nc73378925,2020-05-06T00:45:04.534Z,"4km W of Roseland, CA",earthquake,0.25,0.74,0.197,13,reviewed,nc,nc
2020-05-01T17:17:05.518Z,63.5101,-148.7587,14.5,1,ml,,,,0.29,ak,ak0205m1sd4j,2020-05-05T20:51:33.157Z,"16km NE of Cantwell, Alaska",earthquake,,0.1,,,reviewed,ak,ak
2020-05-01T17:10:51.450Z,38.0505,-118.7335,4.67,2.36,md,28,113,0.2696,0.07,nc,nc73378920,2020-05-02T12:17:02.799Z,"30km SE of Bodie, CA",earthquake,0.25,7.08,0.13,26,reviewed,nc,nc
2020-05-01T17:10:30.573Z,2.2387,93.5974,10,4.2,mb,,193,4.083,0.77,us,us70009b4x,2020-07-18T21:57:43.040Z,"off the west coast of northern Sumatra",earthquake,9.9,1.9,0.1,30,reviewed,us,us
2020-05-01T17:03:16.102Z,61.7809,-150.3264,50.8,1.4,ml,,,,0.38,ak,ak0205m1pdwl,2020-05-05T20:51:32.180Z,"15km WNW of Willow, Alaska",earthquake,,0.2,,,reviewed,ak,ak
2020-05-01T17:02:09.214Z,37.8761,-116.1495,12,2.7,ml,23,94.92,0.394,0.1729,nn,nn00724173,2020-07-18T21:57:09.040Z,"37km SE of Warm Springs, Nevada",earthquake,,2.2,0.22,14,reviewed,nn,nn
2020-05-01T16:56:34.310Z,35.9226667,-117.7176667,3.64,0.89,ml,13,55,0.06013,0.07,ci,ci38475786,2020-05-01T19:31:24.808Z,"17km E of Little Lake, CA",earthquake,0.12,0.5,0.183,9,reviewed,ci,ci
2020-05-01T16:55:09.740Z,38.8111649,-122.829834,2.7,0.56,md,8,218,0.00235,0.01,nc,nc73378915,2020-05-01T18:21:05.246Z,"7km WNW of The Geysers, CA",earthquake,0.84,1.23,,1,automatic,nc,nc
2020-05-01T16:48:38.322Z,36.7068,71.0901,249.28,4.3,mb,,63,2.061,0.69,us,us700098a0,2020-07-18T21:57:09.040Z,"28km SE of Jarm, Afghanistan",earthquake,6.9,5.9,0.113,22,reviewed,us,us
2020-05-01T16:41:09.890Z,33.6736667,-116.7816667,16.77,0.89,ml,23,75,0.06757,0.12,ci,ci38475762,2020-05-01T19:24:32.766Z,"9km SW of Idyllwild, CA",earthquake,0.23,0.37,0.059,10,reviewed,ci,ci
2020-05-01T16:38:08.960Z,17.9878,-66.8761,10,2.79,md,22,101,0.0131,0.18,pr,pr2020122018,2020-05-01T17:24:35.131Z,"1km NE of Maria Antonia, Puerto Rico",earthquake,0.36,0.55,0.28,17,reviewed,pr,pr
2020-05-01T16:38:04.260Z,33.5006667,-116.7795,3.74,0.43,ml,24,37,0.02097,0.12,ci,ci38475746,2020-05-01T19:24:01.944Z,"10km NE of Aguanga, CA",earthquake,0.16,0.41,0.1,11,reviewed,ci,ci
2020-05-01T16:32:49.220Z,36.1246667,-117.848,2.56,2,ml,28,53,0.008992,0.12,ci,ci38475738,2020-05-01T19:15:32.570Z,"13km NE of Coso Junction, CA",earthquake,0.13,0.18,0.252,20,reviewed,ci,ci
2020-05-01T16:23:03.830Z,52.0551667,-176.1208333,-1.8,-0.88,ml,4,134,0.01604,0.21,av,av70891254,2020-05-01T19:40:03.480Z,"41km ENE of Adak, Alaska",earthquake,0.48,1.71,0.119,4,reviewed,av,av
2020-05-01T16:22:35.190Z,34.3611667,-117.6301667,11.44,0.87,ml,18,83,0.04487,0.1,ci,ci38475714,2020-05-01T18:32:07.596Z,"0km E of Wrightwood, CA",earthquake,0.19,0.3,0.147,13,reviewed,ci,ci
2020-05-01T16:21:51.487Z,44.5164,-115.2678,10,2.5,ml,,83,0.421,0.87,us,us7000989l,2020-07-18T21:57:09.040Z,"42 km NW of Stanley, Idaho",earthquake,2.5,1.5,0.081,20,reviewed,us,us
2020-05-01T16:21:10.600Z,36.1261667,-117.8486667,2.85,1.97,ml,31,54,0.009928,0.12,ci,ci38475706,2020-05-01T18:24:18.670Z,"13km NE of Coso Junction, CA",earthquake,0.14,0.22,0.248,22,reviewed,ci,ci
2020-05-01T16:21:10.350Z,58.2308333,-155.1026667,6.37,-0.97,ml,6,182,0.04533,0.12,av,av70891239,2020-05-01T19:31:58.810Z,"101km NW of Larsen Bay, Alaska",earthquake,0.76,2.39,0.172,5,reviewed,av,av
2020-05-01T16:09:31.212Z,63.0301,-150.5613,107.5,2.1,ml,,,,0.41,ak,ak0205m159sq,2020-05-05T20:51:31.053Z,"82km NNW of Talkeetna, Alaska",earthquake,,0.2,,,reviewed,ak,ak
2020-05-01T16:05:13.789Z,57.5615,-154.2501,8.1,1.3,ml,,,,0.69,ak,ak0205m14dom,2020-05-05T20:51:30.249Z,"16km W of Larsen Bay, Alaska",earthquake,,0.6,,,reviewed,ak,ak
2020-05-01T16:01:08.548Z,59.8156,-153.0437,96,1.4,ml,,,,0.32,ak,ak0205m0u4hb,2020-05-05T20:51:29.306Z,"68km W of Anchor Point, Alaska",earthquake,,0.2,,,reviewed,ak,ak
2020-05-01T15:55:16.140Z,17.957,-66.8336,10,3.03,md,22,185,0.0491,0.16,pr,pr2020122017,2020-07-18T21:57:09.040Z,"6km S of Indios, Puerto Rico",earthquake,0.5,0.66,0.14,14,reviewed,pr,pr
2020-05-01T15:54:33.380Z,32.772,-115.8133333,8.07,1.24,ml,23,58,0.07006,0.18,ci,ci38475690,2020-05-01T18:07:51.651Z,"17km ENE of Ocotillo, CA",earthquake,0.23,1.06,0.222,13,reviewed,ci,ci
2020-05-01T15:53:22.260Z,44.1985,-110.2158333,6.63,1,md,13,200,0.1996,0.14,uu,uu60383087,2020-05-04T14:13:07.010Z,"56km ESE of Old Faithful Geyser, Wyoming",earthquake,0.92,1.74,0.142,7,reviewed,uu,uu
2020-05-01T15:49:42.138Z,59.3878,-153.2738,14.8,1.2,ml,,,,0.42,ak,ak0205m0sflg,2020-05-05T20:51:27.365Z,"92km WSW of Anchor Point, Alaska",earthquake,,0.1,,,reviewed,ak,ak
2020-05-01T15:49:31.422Z,62.1864,-149.7238,44.8,1.2,ml,,,,0.49,ak,ak0205m0sety,2020-05-05T20:51:28.283Z,"7km ENE of Y, Alaska",earthquake,,0.2,,,reviewed,ak,ak
2020-05-01T15:47:03.276Z,54.5411,-162.2081,41.5,2.1,ml,,,,0.33,ak,ak0205m0rxar,2020-05-05T20:51:26.570Z,"78km SSE of Cold Bay, Alaska",earthquake,,0.2,,,reviewed,ak,ak
2020-05-01T15:45:14.560Z,35.6521667,-117.4445,9.91,0.97,ml,24,71,0.06709,0.14,ci,ci38475666,2020-05-01T17:53:01.754Z,"13km SSW of Searles Valley, CA",earthquake,0.22,0.47,0.215,12,reviewed,ci,ci
2020-05-01T15:42:36.718Z,66.6623,-135.7787,15.1,0.7,ml,,,,0.35,ak,ak0205m0qx9c,2020-05-05T20:51:25.777Z,"94km SSW of Fort McPherson, Canada",earthquake,,0.2,,,reviewed,ak,ak
2020-05-01T15:37:39.390Z,34.8621667,-118.7766667,-1.17,1.24,ml,17,56,0.08506,0.22,ci,ci38475658,2020-05-01T23:35:33.972Z,"8km ENE of Lebec, CA",quarry blast,0.44,31.61,0.149,11,reviewed,ci,ci
2020-05-01T15:34:54.010Z,62.5284,-151.2785,85.3,1.1,ml,,,,0.58,ak,ak0205m0p8w4,2020-05-05T20:51:24.802Z,"64km WNW of Talkeetna, Alaska",earthquake,,0.1,,,reviewed,ak,ak
2020-05-01T15:32:50.520Z,38.8263321,-122.8133316,1.78,1.05,md,18,46,0.01725,0.02,nc,nc73378890,2020-05-01T16:18:02.720Z,"7km NW of The Geysers, CA",earthquake,0.2,0.39,0.12,5,automatic,nc,nc
2020-05-01T15:32:50.520Z,52.0841667,-176.0996667,9.12,-0.75,ml,4,204,0.02546,0.15,av,av70891234,2020-05-01T19:29:27.030Z,"44km ENE of Adak, Alaska",earthquake,1.2,1,0.22,4,reviewed,av,av
2020-05-01T15:28:30.440Z,19.4608,-65.372,76,3.68,md,16,295,1.1567,0.47,pr,pr2020122016,2020-07-18T21:57:08.040Z,"125km NNE of Vieques, Puerto Rico",earthquake,4.44,9.85,0.04,7,reviewed,pr,pr
2020-05-01T15:26:15.396Z,56.2275,-149.8272,21.38,2.9,ml,,229,2.152,0.69,us,us70009an5,2020-07-18T21:57:39.040Z,"214 km SE of Chiniak, Alaska",earthquake,9.5,11.5,0.071,26,reviewed,us,us
2020-05-01T15:11:43.744Z,18.326,145.5207,295.06,4.2,mb,,62,3.078,0.9,us,us70009898,2020-07-18T21:57:09.040Z,"Pagan region, Northern Mariana Islands",earthquake,11.9,8,0.095,31,reviewed,us,us
2020-05-01T15:08:19.786Z,38.0673,-118.8047,10.9,0.8,ml,6,198.21,0.299,0.1114,nn,nn00724226,2020-05-02T02:09:02.542Z,"42km ESE of Bridgeport, California",earthquake,,12.2,0.32,3,reviewed,nn,nn
2020-05-01T15:06:31.280Z,19.2166672,-155.4036713,32.39,1.98,md,28,163,0.02153,0.12,hv,hv71495592,2020-05-01T15:09:35.280Z,"8km E of Pahala, Hawaii",earthquake,0.71,1.15,0.17,5,automatic,hv,hv
2020-05-01T15:01:35.879Z,62.9914,-150.6628,109,1.1,ml,,,,0.3,ak,ak0205m0i4tu,2020-05-05T20:51:23.082Z,"79km NNW of Talkeetna, Alaska",earthquake,,0.4,,,reviewed,ak,ak
2020-05-01T14:56:50.280Z,35.8601667,-117.679,8.01,0.68,ml,19,58,0.07968,0.1,ci,ci38475626,2020-05-01T17:44:39.714Z,"22km ESE of Little Lake, CA",earthquake,0.14,0.38,0.078,6,reviewed,ci,ci
2020-05-01T14:36:44.200Z,18.8695,-155.2405,4.46,1.67,md,38,265,0.3533,0.21,hv,hv71495567,2020-05-05T00:22:04.790Z,"44km SE of Pahala, Hawaii",earthquake,0.75,1.05,0.102,20,reviewed,hv,hv
2020-05-01T14:30:48.421Z,-30.6376,-71.4053,46.61,4.2,mwr,,87,0.648,0.93,us,us70009882,2020-07-18T21:57:08.040Z,"20 km WSW of Ovalle, Chile",earthquake,6.3,8.4,,,reviewed,us,guc
2020-05-01T14:22:42.648Z,61.6113,-150.4941,45,1,ml,,,,0.53,ak,ak0205m017os,2020-05-05T20:51:22.120Z,"28km WSW of Willow, Alaska",earthquake,,0.4,,,reviewed,ak,ak
2020-05-01T14:19:52.610Z,18.0208,-66.822,4,2.35,md,8,174,0.2169,0.1,pr,pr2020122015,2020-05-01T14:37:43.821Z,"2km N of Indios, Puerto Rico",earthquake,0.36,0.72,0.16,7,reviewed,pr,pr
2020-05-01T14:16:47.770Z,34.0093333,-117.1745,11.71,0.97,ml,22,59,0.1158,0.16,ci,ci38475618,2020-05-01T14:34:43.161Z,"5km S of Redlands, CA",earthquake,0.26,0.84,0.21,30,reviewed,ci,ci
2020-05-01T14:16:17.570Z,19.201334,-155.4321594,33.06,1.84,md,26,145,0.04865,0.11,hv,hv71495552,2020-05-01T14:19:26.210Z,"5km E of Pahala, Hawaii",earthquake,0.73,1.16,0.01,3,automatic,hv,hv
2020-05-01T13:59:52.800Z,36.1071667,-117.586,0.93,1.18,ml,12,105,0.1641,0.15,ci,ci38475602,2020-05-01T14:35:11.410Z,"33km ENE of Coso Junction, CA",earthquake,0.38,0.53,0.142,14,reviewed,ci,ci
2020-05-01T13:58:03.290Z,36.106,-117.588,0.76,1.71,ml,19,73,0.1647,0.13,ci,ci38475594,2020-05-01T14:36:14.190Z,"33km ENE of Coso Junction, CA",earthquake,0.27,0.46,0.19,27,reviewed,ci,ci
2020-05-01T13:53:01.134Z,-19.1773,-177.3996,555.69,4,mb,,137,4.545,0.61,us,us70009b4s,2020-07-18T21:57:43.040Z,"212km NE of Ndoi Island, Fiji",earthquake,15.6,8.8,0.103,25,reviewed,us,us
2020-05-01T13:50:54.060Z,32.8141667,-115.595,8.63,1.25,ml,24,103,0.09172,0.18,ci,ci38475586,2020-05-01T17:36:34.124Z,"4km SSW of Imperial, CA",earthquake,0.32,0.78,0.184,12,reviewed,ci,ci
2020-05-01T13:49:33.117Z,37.3516,-117.1253,0,0.4,ml,7,228.48,0.119,0.1614,nn,nn00724220,2020-05-02T02:09:00.633Z,"40km SSE of Goldfield, Nevada",earthquake,,0,0.22,4,reviewed,nn,nn
2020-05-01T13:48:38.572Z,4.6376,127.0414,78.04,4.8,mww,,103,2.82,0.66,us,us7000987q,2020-07-18T21:57:08.040Z,"194 km ESE of Sarangani, Philippines",earthquake,8.2,6.5,0.098,10,reviewed,us,us
2020-05-01T13:47:39.505Z,53.0825,-168.001,99.1,1.8,ml,,,,0.37,ak,ak0205lzl5dj,2020-05-05T20:51:21.320Z,"60km ENE of Nikolski, Alaska",earthquake,,1.1,,,reviewed,ak,ak
2020-05-01T13:46:13.011Z,63.4665,-150.9466,4.7,1.2,ml,,,,0.66,ak,ak0205lzkv0t,2020-05-05T20:51:20.397Z,"99km W of Cantwell, Alaska",earthquake,,0.1,,,reviewed,ak,ak
2020-05-01T13:44:45.221Z,64.7738,-148.9849,16,0.7,ml,,,,0.27,ak,ak0205lzki3h,2020-05-05T20:51:19.515Z,"22km NNE of North Nenana, Alaska",earthquake,,0.1,,,reviewed,ak,ak
2020-05-01T13:43:51.988Z,58.1776,-155.3618,1,0.5,ml,,,,0.26,ak,ak0205lzkax6,2020-05-05T20:51:18.689Z,"94km SE of King Salmon, Alaska",earthquake,,0,,,reviewed,ak,ak
2020-05-01T13:40:22.280Z,58.1625,-155.3228333,1.39,-1.18,ml,5,118,0.04772,0.03,av,av70891189,2020-05-01T18:33:00.100Z,"97km SE of King Salmon, Alaska",earthquake,0.32,1.74,0.217,5,reviewed,av,av
2020-05-01T13:37:44.670Z,33.2293333,-116.7381667,11.52,0.55,ml,29,33,0.01849,0.15,ci,ci38475562,2020-05-01T18:48:39.414Z,"3km ESE of Lake Henshaw, CA",earthquake,0.21,0.56,0.14,10,reviewed,ci,ci
2020-05-01T13:25:59.580Z,47.5986667,-113.9571667,16.35,-0.04,md,7,145,0.094,0.11,mb,mb80415839,2020-05-01T22:06:14.240Z,"12km E of Pablo, Montana",earthquake,0.57,0.89,0.126,5,reviewed,mb,mb
2020-05-01T13:22:02.849Z,63.1594,-151.4872,7.2,1,ml,,,,0.35,ak,ak0205lzfp23,2020-05-05T20:51:17.849Z,"116km NW of Talkeetna, Alaska",earthquake,,0.2,,,reviewed,ak,ak
2020-05-01T13:13:31.620Z,32.765,-116.0231667,11.61,1,ml,8,124,0.06785,0.11,ci,ci38475546,2020-05-01T14:35:50.639Z,"4km NW of Ocotillo, CA",earthquake,0.3,0.5,0.241,10,reviewed,ci,ci
2020-05-01T13:12:26.980Z,38.8195,-122.7983322,3.09,0.55,md,11,103,0.009963,0.02,nc,nc73378885,2020-05-01T13:44:02.701Z,"6km NW of The Geysers, CA",earthquake,0.44,1.25,,1,automatic,nc,nc
2020-05-01T13:12:24.770Z,36.5373333,-89.6565,9.48,1.22,md,21,47,0.01245,0.05,nm,nm60289907,2020-05-04T14:27:15.470Z,"7km SSW of Lilbourn, Missouri",earthquake,0.23,0.53,0.079,11,reviewed,nm,nm
2020-05-01T13:09:05.190Z,52.0411667,-176.1471667,2.03,-0.91,ml,4,161,0.01366,0.09,av,av70891219,2020-05-01T18:57:43.250Z,"39km ENE of Adak, Alaska",earthquake,1.67,1.22,0.14,4,reviewed,av,av
2020-05-01T13:01:33.470Z,52.0335,-176.1175,-0.53,-0.76,ml,4,156,0.02798,0.05,av,av70891214,2020-05-01T18:57:42.250Z,"40km ENE of Adak, Alaska",earthquake,0.25,0.4,0.248,4,reviewed,av,av
2020-05-01T12:59:12.050Z,52.0515,-176.1371667,3.33,-0.62,ml,4,109,0.006805,0.18,av,av70891209,2020-05-01T18:41:04.160Z,"40km ENE of Adak, Alaska",earthquake,0.65,1.07,0.199,4,reviewed,av,av
2020-05-01T12:56:29.560Z,52.0375,-176.1163333,-0.55,-0.83,ml,4,146,0.02558,0.08,av,av70891204,2020-05-01T18:39:32.880Z,"41km ENE of Adak, Alaska",earthquake,0.23,0.39,0.171,4,reviewed,av,av
2020-05-01T12:43:15.516Z,63.2725,-151.4164,2.3,0.9,ml,,,,0.31,ak,ak0205lyyshs,2020-05-05T20:51:17.022Z,"124km NNW of Talkeetna, Alaska",earthquake,,0.2,,,reviewed,ak,ak
2020-05-01T12:42:54.268Z,-24.0586,-67.0413,182.01,4.6,mb,,81,1.517,1.41,us,us70009870,2020-07-18T21:57:08.040Z,"Salta, Argentina",earthquake,8.9,3.9,0.141,17,reviewed,us,us
2020-05-01T12:42:35.016Z,61.5367,-150.4131,59.3,1.2,ml,,,,0.43,ak,ak0205lyym99,2020-05-05T20:51:16.041Z,"24km W of Big Lake, Alaska",earthquake,,0.3,,,reviewed,ak,ak
2020-05-01T12:38:54.050Z,63.0994,-151.4025,1.6,0.6,ml,,,,0.4,ak,ak0205lyxs1b,2020-05-05T20:51:15.257Z,"108km NW of Talkeetna, Alaska",earthquake,,0.4,,,reviewed,ak,ak
2020-05-01T12:38:14.179Z,2.0448,89.623,10,4.4,mb,,91,7.963,0.37,us,us70009b4m,2020-07-18T21:57:43.040Z,"North Indian Ocean",earthquake,7.5,1.9,0.149,13,reviewed,us,us
2020-05-01T12:36:09.321Z,59.884,-152.2466,84.2,1.2,ml,,,,0.36,ak,ak0205lyx9fk,2020-05-05T20:51:14.442Z,"26km WNW of Anchor Point, Alaska",earthquake,,0.2,,,reviewed,ak,ak
2020-05-01T12:31:40.940Z,33.6283333,-116.6721667,13.07,-0.18,ml,12,86,0.04048,0.05,ci,ci38475522,2020-05-01T23:54:38.072Z,"8km N of Anza, CA",earthquake,0.21,0.36,0.142,6,reviewed,ci,ci
2020-05-01T12:29:58.300Z,37.5965,-119.0083333,1.97,0.31,md,10,225,0.01925,0.02,nc,nc73378880,2020-05-01T23:07:03.050Z,"5km SSW of Mammoth Lakes, CA",earthquake,1.06,0.58,0.222,8,reviewed,nc,nc
2020-05-01T12:27:23.425Z,63.5374,-151.0069,6.7,2.2,ml,,,,0.43,ak,ak0205lyvdod,2020-05-05T20:51:13.441Z,"103km W of Cantwell, Alaska",earthquake,,0.1,,,reviewed,ak,ak
2020-05-01T12:25:10.120Z,44.3038,-115.1461,10,2.8,ml,,65,0.283,0.59,us,us7000986p,2020-07-18T21:57:08.040Z,"southern Idaho",earthquake,2.4,2,0.051,50,reviewed,us,us
2020-05-01T12:22:48.030Z,-29.574,-179.2224,349.71,4.2,mb,,98,1.175,0.64,us,us70009b4l,2020-07-18T21:57:43.040Z,"Kermadec Islands region",earthquake,15.4,6.9,0.115,21,reviewed,us,us
2020-05-01T12:21:19.410Z,33.2285,-116.7356667,11.5,0.75,ml,36,36,0.02074,0.15,ci,ci38475506,2020-05-01T17:18:00.022Z,"3km ESE of Lake Henshaw, CA",earthquake,0.17,0.41,0.091,21,reviewed,ci,ci
2020-05-01T12:17:59.850Z,33.31,-116.1756667,10.2,0.83,ml,32,44,0.1237,0.16,ci,ci38475498,2020-05-01T17:06:09.952Z,"19km SSW of Oasis, CA",earthquake,0.19,0.51,0.112,13,reviewed,ci,ci
2020-05-01T12:11:05.680Z,17.9626,-66.9643,9,2.86,md,21,187,0.0802,0.12,pr,pr2020122014,2020-07-18T21:57:08.040Z,"6km WSW of Guanica, Puerto Rico",earthquake,0.39,0.67,0.35,14,reviewed,pr,pr
2020-05-01T12:10:14.150Z,33.2301667,-116.7365,10.21,1.07,ml,43,35,0.01954,0.19,ci,ci38475490,2020-05-01T14:37:18.550Z,"3km ESE of Lake Henshaw, CA",earthquake,0.21,0.44,0.122,25,reviewed,ci,ci
2020-05-01T12:09:21.710Z,52.0515,-176.14,3.57,-0.62,ml,4,108,0.005344,0.17,av,av70891194,2020-05-01T18:35:01.670Z,"40km ENE of Adak, Alaska",earthquake,0.65,1.01,0.206,4,reviewed,av,av
2020-05-01T12:04:12.880Z,19.2061672,-155.4633331,36.48,1.89,md,39,103,0.0505,0.12,hv,hv71495457,2020-05-01T12:07:25.480Z,"1km E of Pahala, Hawaii",earthquake,0.58,1.09,0.14,10,automatic,hv,hv
2020-05-01T12:01:15.600Z,33.9888333,-116.0501667,7.05,1.28,ml,24,94,0.1204,0.22,ci,ci38475482,2020-05-01T13:10:47.055Z,"17km S of Twentynine Palms, CA",earthquake,0.41,1.05,0.138,27,reviewed,ci,ci
2020-05-01T11:57:00.900Z,35.867,-117.6658333,10.38,0.82,ml,14,95,0.07549,0.06,ci,ci38475474,2020-05-01T13:11:05.057Z,"23km ESE of Little Lake, CA",earthquake,0.21,0.34,0.143,8,reviewed,ci,ci
2020-05-01T11:54:44.980Z,39.343,-123.2641667,5.91,1.21,md,14,76,0.06429,0.06,nc,nc73378875,2020-05-02T00:53:03.976Z,"10km NNW of Redwood Valley, CA",earthquake,0.29,0.73,0.031,9,reviewed,nc,nc
2020-05-01T11:54:33.068Z,60.424,-140.8625,23.1,1.4,ml,,,,0.58,ak,ak0205lyfr73,2020-05-05T20:51:11.579Z,"95km ENE of Cape Yakataga, Alaska",earthquake,,0.1,,,reviewed,ak,ak
2020-05-01T11:53:40.349Z,66.3216,-157.3058,4.9,1.3,ml,,,,0.21,ak,ak0205lyfk0q,2020-05-05T20:51:12.528Z,"67km SSW of Kobuk, Alaska",earthquake,,0.2,,,reviewed,ak,ak
2020-05-01T11:51:48.850Z,36.1051667,-117.8893333,3.76,1.4,ml,15,90,0.03054,0.13,ci,ci38475466,2020-05-01T13:11:16.056Z,"8km NE of Coso Junction, CA",earthquake,0.29,0.41,0.208,20,reviewed,ci,ci
2020-05-01T11:49:00.430Z,38.7768326,-122.7448349,1.39,0.6,md,10,71,0.01745,0.03,nc,nc73378870,2020-05-01T12:46:02.296Z,"1km E of The Geysers, CA",earthquake,0.35,0.84,0.02,3,automatic,nc,nc
2020-05-01T11:45:40.980Z,17.8368,-66.8435,8,2.57,md,12,255,0.2406,0.29,pr,pr2020122013,2020-05-01T11:59:10.903Z,"16km SSE of Guanica, Puerto Rico",earthquake,1.24,1.57,0.09,6,reviewed,pr,pr
2020-05-01T11:45:31.090Z,-15.6248,-70.1739,247.48,4.3,mb,,147,2.063,0.66,us,us70009b4i,2020-07-18T21:57:43.040Z,"6 km NNW of Atuncolla, Peru",earthquake,11.9,8.9,0.177,9,reviewed,us,us
2020-05-01T11:43:28.848Z,39.5601,-119.9525,5.6,0.3,ml,10,91.37,0.048,0.1422,nn,nn00724218,2020-05-02T02:08:57.506Z,"5km NE of Verdi, Nevada",earthquake,,1.8,0.43,5,reviewed,nn,nn
2020-05-01T11:40:46.803Z,61.344,-150.0001,44.1,0.9,ml,,,,0.36,ak,ak0205lycs4n,2020-05-05T20:51:10.795Z,"15km NNW of Anchorage, Alaska",earthquake,,0.3,,,reviewed,ak,ak
2020-05-01T11:34:48.600Z,58.2258333,-155.1905,3.66,-0.8,ml,5,232,0.01703,0.04,av,av70891184,2020-05-01T18:30:57.120Z,"100km ESE of King Salmon, Alaska",earthquake,0.57,1.24,0.29,5,reviewed,av,av
2020-05-01T11:28:48.840Z,53.8568333,-166.6426667,8.71,-0.17,ml,5,142,0.03645,0.09,av,av70891174,2020-05-01T18:24:23.090Z,"7km WSW of Dutch Harbor, Alaska",earthquake,0.46,0.72,0.262,5,reviewed,av,av
2020-05-01T11:25:51.530Z,62.7384,-148.3454,49,1.5,ml,,,,0.43,ak,ak0205ly9kty,2020-05-05T20:51:09.771Z,"78km SSE of Cantwell, Alaska",earthquake,,0.2,,,reviewed,ak,ak
2020-05-01T11:10:42.414Z,37.093,-114.799,0,1.2,ml,6,112.8,0.654,0.1583,nn,nn00724161,2020-05-01T20:37:16.506Z,"44km SE of Alamo, Nevada",earthquake,,0,0.42,3,reviewed,nn,nn
2020-05-01T11:10:29.470Z,17.8828,-66.8666,12,2.69,md,13,243,0.0932,0.17,pr,pr2020122012,2020-05-01T11:36:25.630Z,"10km SSE of Guanica, Puerto Rico",earthquake,0.76,0.48,0.3,7,reviewed,pr,pr
2020-05-01T11:01:39.470Z,42.2322,24.8892,10,4.5,mb,,25,1.189,0.91,us,us70009865,2021-04-06T19:20:34.953Z,"Bulgaria",earthquake,5,1.9,0.07,60,reviewed,us,us
2020-05-01T10:59:40.964Z,57.1986,-155.6474,79.7,1.7,ml,,,,0.23,ak,ak0205lxvf4p,2020-05-05T20:51:08.657Z,"107km WSW of Larsen Bay, Alaska",earthquake,,0.2,,,reviewed,ak,ak
2020-05-01T10:59:28.520Z,58.2281667,-155.1846667,3.72,-0.8,ml,6,214,0.01448,0.07,av,av70891179,2020-05-01T18:26:55.030Z,"100km ESE of King Salmon, Alaska",earthquake,0.58,1.25,0.384,5,reviewed,av,av
2020-05-01T10:58:13.900Z,46.302,-122.363333333333,8.8,0.79,ml,20,156,0.01514,0.2,uw,uw61618481,2020-05-01T19:43:01.000Z,"29km SSW of Morton, Washington",earthquake,0.59,0.8,0.303812781624478,13,reviewed,uw,uw
2020-05-01T10:57:43.734Z,58.2312,-155.1763,1,1.4,ml,,,,0.47,ak,ak0205lxuzgy,2020-05-05T20:51:07.800Z,"100km ESE of King Salmon, Alaska",earthquake,,0.2,,,reviewed,ak,ak
2020-05-01T10:53:00.860Z,17.8896,-66.8685,12,2.95,md,19,232,0.0862,0.18,pr,pr2020122010,2020-07-18T21:57:08.040Z,"9km SSE of Maria Antonia, Puerto Rico",earthquake,0.72,0.46,0.25,11,reviewed,pr,pr
2020-05-01T10:50:15.510Z,38.8106651,-122.8209991,2.6,0.78,md,22,59,0.006637,0.02,nc,nc73378865,2020-05-01T12:21:04.351Z,"7km WNW of The Geysers, CA",earthquake,0.22,0.52,0.14,2,automatic,nc,nc
2020-05-01T10:46:55.050Z,19.2118333,-155.3813333,32.03,1.7,md,19,162,0.02976,0.1,hv,hv71495382,2020-05-01T20:25:53.460Z,"10km E of Pahala, Hawaii",earthquake,0.63,0.97,0.081,10,reviewed,hv,hv
2020-05-01T10:45:35.277Z,59.7312,-151.4213,57.1,0.9,ml,,,,0.29,ak,ak0205lxse9o,2020-05-05T20:51:06.920Z,"7km W of Fritz Creek, Alaska",earthquake,,0.2,,,reviewed,ak,ak
2020-05-01T10:43:32.137Z,-7.8725,108.2608,84.18,4.3,mb,,78,0.729,0.64,us,us70009b4g,2020-07-18T21:57:43.040Z,"54 km S of Kawalu, Indonesia",earthquake,5.7,5.5,0.1,28,reviewed,us,us
2020-05-01T10:31:04.580Z,19.1981667,-155.448,32.19,1.72,md,17,219,0.06939,0.09,hv,hv71495367,2020-05-01T19:58:43.650Z,"3km ESE of Pahala, Hawaii",earthquake,0.68,0.82,0.027,10,reviewed,hv,hv
2020-05-01T10:27:58.810Z,38.0501667,-118.7443333,2.7,1.65,md,26,110,0.2756,0.06,nc,nc73378860,2020-05-02T08:32:03.102Z,"30km SE of Bodie, CA",earthquake,0.33,8.04,0.301,25,reviewed,nc,nc
2020-05-01T10:23:48.970Z,19.0058,-67.7218,12,3.39,md,16,325,0.667,0.33,pr,pr2020122009,2020-07-18T21:57:08.040Z,"81km NW of San Antonio, Puerto Rico",earthquake,13.04,18.43,0.1,9,reviewed,pr,pr
2020-05-01T10:23:30.916Z,61.3989,-149.4752,9.7,1.2,ml,,,,0.46,ak,ak0205lxno3r,2020-05-05T20:51:05.994Z,"14km SSE of Knik-Fairview, Alaska",earthquake,,0.4,,,reviewed,ak,ak
2020-05-01T10:22:45.090Z,38.586,-112.5956667,4.13,0.98,md,6,170,0.1187,0.04,uu,uu60383077,2020-05-01T15:19:04.610Z,"34km N of Beaver, Utah",earthquake,1.08,3.07,0.457,4,reviewed,uu,uu
2020-05-01T10:21:00.028Z,60.1363,-152.6705,89.7,1.8,ml,,,,0.37,ak,ak0205lxn388,2020-05-05T20:51:04.937Z,"39km S of Redoubt Volcano, Alaska",earthquake,,0.1,,,reviewed,ak,ak
2020-05-01T10:19:44.580Z,39.2064,-119.6312,0,0.1,ml,3,266.25,0.085,0.1681,nn,nn00724217,2020-05-02T02:08:53.570Z,"4km SW of Dayton, Nevada",earthquake,,0,0,1,reviewed,nn,nn
2020-05-01T10:12:26.790Z,40.0932,-119.6819,16.9,0.8,ml,5,175.7,0.086,0.184,nn,nn00724216,2020-05-02T02:08:52.138Z,"49km N of Spanish Springs, Nevada",earthquake,,2.7,0.3,3,reviewed,nn,nn
2020-05-01T10:12:10.701Z,63.365,-151.8044,1.9,1.3,ml,,,,0.42,ak,ak0205lxl9qa,2020-05-05T20:51:04.018Z,"142km W of Cantwell, Alaska",earthquake,,0.2,,,reviewed,ak,ak
2020-05-01T10:03:31.960Z,17.8903,-66.8651,12,2.91,md,18,237,0.086,0.2,pr,pr2020122008,2020-07-18T21:57:08.040Z,"4km SW of Indios, Puerto Rico",earthquake,0.79,0.56,0.2,12,reviewed,pr,pr
2020-05-01T10:02:16.570Z,19.2243333,-155.3195,38.89,1.81,md,39,186,0.07244,0.12,hv,hv71495342,2020-05-01T20:12:33.070Z,"17km E of Pahala, Hawaii",earthquake,0.61,0.69,0.084,18,reviewed,hv,hv
2020-05-01T09:59:43.610Z,17.8995,-66.8693,11,2.57,md,22,209,0.0762,0.22,pr,pr2020122011,2020-07-18T21:57:08.040Z,"18km SSE of Guanica, Puerto Rico",earthquake,0.53,0.58,0.01,3,reviewed,pr,pr
2020-05-01T09:56:59.285Z,55.4986,-149.3793,10,3.2,ml,,237,2.777,0.81,us,us7000985i,2020-07-18T21:57:08.040Z,"295 km SE of Chiniak, Alaska",earthquake,8.9,2,0.057,40,reviewed,us,us
2020-05-01T09:55:59.545Z,39.5282,-120.3478,5.8,0.1,ml,9,179.84,0.178,0.1474,nn,nn00724215,2020-05-02T02:08:50.079Z,"26km NNW of Truckee, California",earthquake,,4.7,0.58,3,reviewed,nn,nn
2020-05-01T09:51:53.167Z,60.7942,-151.6614,74.9,2.1,ml,,,,0.71,ak,ak0205lx8abh,2020-05-05T20:51:01.912Z,"23km WNW of Nikiski, Alaska",earthquake,,0.2,,,reviewed,ak,ak
2020-05-01T09:50:53.840Z,36.0053333,-120.5688333,3.25,0.25,md,14,109,0.02644,0.07,nc,nc73378855,2020-05-04T15:18:03.550Z,"17km NW of Parkfield, CA",earthquake,0.32,0.58,0.342,3,reviewed,nc,nc
2020-05-01T09:44:18.280Z,52.0426667,-176.1381667,2.93,-0.61,ml,4,130,0.01327,0.12,av,av70891164,2020-05-01T18:05:44.120Z,"40km ENE of Adak, Alaska",earthquake,0.62,0.92,0.165,4,reviewed,av,av
2020-05-01T09:43:21.716Z,60.146,-152.2646,86.5,1,ml,,,,0.34,ak,ak0205lx6i7i,2020-05-05T20:51:01.087Z,"46km SE of Redoubt Volcano, Alaska",earthquake,,0.2,,,reviewed,ak,ak
2020-05-01T09:41:50.460Z,52.0373333,-176.1115,-0.56,-0.64,ml,4,150,0.02795,0.07,av,av70891159,2020-05-01T18:04:12.830Z,"41km ENE of Adak, Alaska",earthquake,0.21,0.34,0.106,4,reviewed,av,av
2020-05-01T09:41:34.040Z,52.0368333,-176.113,-1.56,-0.93,ml,4,151,0.02756,0.14,av,av70891154,2020-05-01T18:02:11.240Z,"41km ENE of Adak, Alaska",earthquake,0.29,0.72,0.167,4,reviewed,av,av
2020-05-01T09:38:49.360Z,41.8391667,-112.3628333,9.16,0.5,md,9,143,0.1818,0.16,uu,uu60383072,2020-05-01T15:30:57.470Z,"19km WNW of Garland, Utah",earthquake,0.71,1.57,0.176,4,reviewed,uu,uu
2020-05-01T09:35:35.420Z,52.0488333,-176.1408333,3.57,-0.38,ml,4,128,0.007021,0.2,av,av70891149,2020-05-01T17:59:39.280Z,"40km ENE of Adak, Alaska",earthquake,0.76,1.2,0.121,4,reviewed,av,av
2020-05-01T09:35:03.099Z,60.8649,-139.4111,1.6,1.3,ml,,,,0.68,ak,ak0205lx4qz6,2020-05-05T20:51:00.206Z,"104km W of Haines Junction, Canada",earthquake,,0.2,,,reviewed,ak,ak
2020-05-01T09:35:02.880Z,52.0481667,-176.1398333,3.53,-0.41,ml,4,125,0.007915,0.21,av,av70891144,2020-05-01T17:56:36.700Z,"40km ENE of Adak, Alaska",earthquake,0.76,1.23,0.105,4,reviewed,av,av
2020-05-01T09:34:46.220Z,34.019,-117.1026667,16.99,1.51,ml,59,27,0.01831,0.18,ci,ci38475450,2020-05-01T13:12:12.460Z,"6km NW of Calimesa, CA",earthquake,0.2,0.48,0.12,23,reviewed,ci,ci
2020-05-01T09:30:21.370Z,35.8826667,-117.6986667,9.1,1.76,ml,22,73,0.07599,0.1,ci,ci38475442,2020-05-01T16:52:37.880Z,"20km ESE of Little Lake, CA",earthquake,0.18,0.49,0.331,18,reviewed,ci,ci
2020-05-01T09:27:33.450Z,52.0556667,-176.15,3.49,-0.84,ml,4,224,0.002158,0.12,av,av70891139,2020-05-01T17:53:34.750Z,"40km ENE of Adak, Alaska",earthquake,0.62,0.67,0.191,4,reviewed,av,av
2020-05-01T09:27:32.210Z,44.677,-110.055,13.87,0.74,md,7,164,0.09579,0.08,uu,uu60383067,2020-05-01T15:30:26.930Z,"66km ENE of Old Faithful Geyser, Wyoming",earthquake,0.62,0.76,0.313,5,reviewed,uu,uu
2020-05-01T09:23:51.584Z,60.4668,-147.5107,15.1,2.3,ml,,,,0.53,ak,ak0205lx2a49,2020-07-18T21:57:08.040Z,"70km ESE of Whittier, Alaska",earthquake,,0.3,,,reviewed,ak,ak
2020-05-01T09:23:07.571Z,51.8149,-177.7649,10.5,1.6,ml,,,,0.64,ak,ak0205lx26rr,2020-05-05T20:50:58.168Z,"27km ESE of Tanaga Volcano, Alaska",earthquake,,0.1,,,reviewed,ak,ak
2020-05-01T09:22:27.491Z,60.8026,-151.7535,81.5,1,ml,,,,0.27,ak,ak0205lx20np,2020-05-05T20:50:57.338Z,"28km WNW of Nikiski, Alaska",earthquake,,0.3,,,reviewed,ak,ak
2020-05-01T09:17:58.459Z,37.0858,-114.7531,0,1.9,ml,8,150.06,0.399,0.101,nn,nn00724156,2020-05-01T19:44:41.815Z,"46km NNW of Moapa Town, Nevada",earthquake,,0,0.15,5,reviewed,nn,nn
2020-05-01T09:14:04.120Z,52.0578333,-176.1546667,4.19,-0.62,ml,4,231,0.005729,0.18,av,av70891134,2020-05-01T17:50:02.670Z,"39km ENE of Adak, Alaska",earthquake,0.88,0.89,0.101,4,reviewed,av,av
2020-05-01T09:13:38.660Z,17.8985,-66.8716,13,2.66,md,17,234,0.077,0.16,pr,pr2020122007,2020-05-01T09:40:17.900Z,"8km SSE of Guanica, Puerto Rico",earthquake,0.74,0.48,0.31,11,reviewed,pr,pr
2020-05-01T09:13:35.390Z,52.0543333,-176.1465,3.61,-0.57,ml,4,147,0.0005028,0.15,av,av70891129,2020-05-01T17:48:02.040Z,"40km ENE of Adak, Alaska",earthquake,0.84,0.76,0.166,4,reviewed,av,av
2020-05-01T09:13:07.830Z,53.3641667,-167.8046667,10.7,-0.43,ml,5,331,0.07918,0.03,av,av70891094,2020-05-01T17:18:15.940Z,"85km NE of Nikolski, Alaska",earthquake,1.21,0.56,0.277,5,reviewed,av,av
2020-05-01T09:11:59.684Z,-21.4656,-177.8147,382.28,4.4,mb,,99,5.373,0.81,us,us70009858,2020-07-18T21:57:08.040Z,"Fiji region",earthquake,10.3,6.1,0.04,185,reviewed,us,us
2020-05-01T09:11:37.040Z,61.535,-141.5761,10.6,0.9,ml,,,,0.59,ak,ak0205lwzofe,2020-05-05T20:50:55.661Z,"152km E of Chitina, Alaska",earthquake,,0.2,,,reviewed,ak,ak
2020-05-01T09:11:23.225Z,66.2019,-157.1912,8.8,1.1,ml,,,,0.49,ak,ak0205lwzng7,2020-05-05T20:50:56.598Z,"79km S of Kobuk, Alaska",earthquake,,0.2,,,reviewed,ak,ak
2020-05-01T09:05:35.650Z,33.6645,-116.7691667,12.77,1.65,ml,65,27,0.06534,0.19,ci,ci38475434,2020-05-01T13:12:17.230Z,"10km SSW of Idyllwild, CA",earthquake,0.19,0.38,0.167,26,reviewed,ci,ci
2020-05-01T09:04:08.160Z,33.5013333,-116.509,10.19,0.3,ml,28,57,0.05896,0.14,ci,ci38475426,2020-05-01T16:34:36.702Z,"16km ESE of Anza, CA",earthquake,0.19,0.3,0.151,13,reviewed,ci,ci
2020-05-01T09:03:41.000Z,52.0381667,-176.1118333,-0.39,-0.59,ml,4,147,0.02727,0.07,av,av70891109,2020-05-01T17:35:54.440Z,"41km ENE of Adak, Alaska",earthquake,0.24,0.2,0.177,4,reviewed,av,av
2020-05-01T08:55:57.929Z,36.86366667,-97.45066667,7.64,1.31,ml,26,127,0.1502705118,0.16,ok,ok2020into,2020-05-01T15:41:22.746Z,"16km WNW of Blackwell, Oklahoma",earthquake,,0.7,0.2,7,reviewed,ok,ok
2020-05-01T08:54:32.070Z,54.14,-165.9368333,2.84,-1.23,ml,5,112,0.02204,0.24,av,av70891084,2020-05-01T17:11:41.930Z,"10km W of Akutan, Alaska",earthquake,0.46,1.03,0.356,5,reviewed,av,av
2020-05-01T08:54:00.310Z,54.1425,-165.9318333,3.63,-0.93,ml,7,100,0.02457,0.28,av,av70891079,2020-05-01T17:08:39.270Z,"10km W of Akutan, Alaska",earthquake,0.4,0.79,0.309,6,reviewed,av,av
2020-05-01T08:53:48.100Z,54.1266667,-165.9165,2.5,-1.32,ml,5,167,0.0284,0.18,av,av70891089,2020-05-01T17:13:43.410Z,"9km W of Akutan, Alaska",earthquake,0.56,0.86,0.381,5,reviewed,av,av
2020-05-01T08:46:07.746Z,39.203,-119.6385,0,0.2,ml,3,262.58,0.078,0.1415,nn,nn00724207,2020-05-02T02:08:47.407Z,"5km SW of Dayton, Nevada",earthquake,,0,0,1,reviewed,nn,nn
2020-05-01T08:45:50.960Z,54.1393333,-165.935,3.15,-1.21,ml,5,116,0.02243,0.23,av,av70891074,2020-05-01T17:05:37.460Z,"10km W of Akutan, Alaska",earthquake,0.47,1.15,0.381,5,reviewed,av,av
2020-05-01T08:40:27.060Z,35.9921667,-120.557,3.86,0.99,md,23,65,0.02387,0.06,nc,nc73378840,2020-05-06T00:18:03.362Z,"15km NW of Parkfield, CA",earthquake,0.29,0.34,0.332,9,reviewed,nc,nc
2020-05-01T08:40:18.960Z,42.0621666666667,-122.846166666667,3.47,1.8,ml,14,115,0.1648,0.13,uw,uw61618461,2020-05-04T23:12:50.980Z,"18km SW of Ashland, Oregon",earthquake,0.32,1.52,0.0864795042054953,7,reviewed,uw,uw
2020-05-01T08:35:54.908Z,63.5464,-147.453,12.9,1,ml,,,,0.57,ak,ak0205lwjfex,2020-05-05T20:50:54.796Z,"76km ENE of Cantwell, Alaska",earthquake,,0.2,,,reviewed,ak,ak
2020-05-01T08:31:27.705Z,61.3565,-151.9361,88,1.2,ml,,,,0.43,ak,ak0205lwiiel,2020-05-05T20:50:53.888Z,"82km NNW of Nikiski, Alaska",earthquake,,0.3,,,reviewed,ak,ak
2020-05-01T08:25:15.792Z,39.189,-119.6471,0,0.1,ml,3,253.8,0.065,0.1686,nn,nn00724206,2020-05-02T02:08:45.982Z,"7km SW of Dayton, Nevada",earthquake,,0,0,1,reviewed,nn,nn
2020-05-01T08:23:35.240Z,46.2858333333333,-122.2025,1.65,0.06,ml,11,140,0.0466,0.13,uw,uw61618456,2020-05-01T19:57:19.690Z,"30km S of Morton, Washington",earthquake,0.43,0.5,0.131522278170119,7,reviewed,uw,uw
2020-05-01T08:20:31.890Z,69.4221,-143.8569,9.7,1.5,ml,,,,0.72,ak,ak0205lwg5v9,2020-05-05T20:51:51.051Z,"79km S of Kaktovik, Alaska",earthquake,,0.1,,,reviewed,ak,ak
2020-05-01T08:12:41.237Z,60.024,-152.8444,102.8,1.6,ml,,,,0.39,ak,ak0205lweguw,2020-05-05T20:50:52.876Z,"51km S of Redoubt Volcano, Alaska",earthquake,,0.1,,,reviewed,ak,ak
2020-05-01T08:11:57.730Z,35.8245,-117.6553333,7.07,0.52,ml,15,79,0.0478,0.18,ci,ci38475418,2020-05-01T14:34:12.636Z,"23km N of Ridgecrest, CA",earthquake,0.31,0.58,0.102,3,reviewed,ci,ci
2020-05-01T08:11:55.930Z,38.8208333,-122.8011667,0.01,0.6,md,18,46,0.007413,0.02,nc,nc73378825,2020-05-05T21:26:02.296Z,"6km NW of The Geysers, CA",earthquake,0.15,0.39,,1,reviewed,nc,nc
2020-05-01T08:00:15.012Z,62.2336,-152.3131,6.1,1.7,ml,,,,0.55,ak,ak0205lwbu7i,2020-05-05T20:50:51.860Z,"114km W of Talkeetna, Alaska",earthquake,,0.1,,,reviewed,ak,ak
2020-05-01T07:59:42.550Z,32.9193333,-115.5345,7.98,1.22,ml,24,85,0.02834,0.19,ci,ci38475410,2020-05-01T16:13:58.576Z,"7km S of Brawley, CA",earthquake,0.28,0.4,0.152,12,reviewed,ci,ci
2020-05-01T07:59:38.920Z,33.1463333,-116.5038333,8.94,0.16,ml,16,47,0.1021,0.17,ci,ci37268764,2020-05-01T16:24:08.498Z,"12km NE of Julian, CA",earthquake,0.3,1.01,0.139,8,reviewed,ci,ci
2020-05-01T07:43:37.365Z,39.2234,-120.0875,6.7,-0.3,ml,4,129.87,0.034,0.0788,nn,nn00724204,2020-05-02T02:08:44.556Z,"3km WSW of Tahoe Vista, California",earthquake,,2.6,0.34,2,reviewed,nn,nn
2020-05-01T07:42:28.770Z,46.2855,-122.207666666667,4.06,0.26,ml,14,134,0.0126,0.16,uw,uw61618451,2020-05-01T21:38:30.740Z,"30km S of Morton, Washington",earthquake,0.46,0.6,0.107623348311316,10,reviewed,uw,uw
2020-05-01T07:23:53.393Z,59.044,-138.0857,16.8,1.8,ml,,,,0.45,ak,ak0205lvvf2j,2020-05-05T20:51:50.205Z,"109km ESE of Yakutat, Alaska",earthquake,,0.6,,,reviewed,ak,ak
2020-05-01T07:16:07.780Z,51.4648,-178.4261,10,3.1,ml,,195,0.258,0.66,us,us700098a2,2020-07-18T21:57:09.040Z,"132 km WSW of Adak, Alaska",earthquake,2.7,2,0.115,10,reviewed,us,us
2020-05-01T07:09:40.740Z,37.602,-118.9816667,1.45,0.05,md,9,203,0.02303,0.07,nc,nc73378815,2020-05-01T22:51:04.943Z,"4km S of Mammoth Lakes, CA",earthquake,0.7,0.76,0.13,6,reviewed,nc,nc
2020-05-01T07:04:49.333Z,54.4595,161.702,36.51,5,mww,,71,2.314,1.18,us,us7000983z,2020-07-18T21:57:08.040Z,"183 km SE of Atlasovo, Russia",earthquake,5.9,6,0.068,21,reviewed,us,us
2020-05-01T07:03:19.670Z,19.1058,-67.7888,28,3.61,md,21,328,0.785,0.4,pr,pr2020122006,2020-07-18T21:57:08.040Z,"65km NW of San Antonio, Puerto Rico",earthquake,2.08,24.45,0.25,16,reviewed,pr,pr
2020-05-01T06:59:41.710Z,33.5073333,-116.4925,13.63,0.83,ml,29,61,0.05948,0.17,ci,ci38475394,2020-05-01T13:13:20.170Z,"18km ESE of Anza, CA",earthquake,0.31,0.5,0.105,23,reviewed,ci,ci
2020-05-01T06:52:38.850Z,35.6933333,-117.4868333,2.26,0.92,ml,11,168,0.1085,0.13,ci,ci38475386,2020-05-01T13:12:37.556Z,"11km SW of Searles Valley, CA",earthquake,0.32,0.35,0.24,10,reviewed,ci,ci
2020-05-01T06:52:19.610Z,51.8265,-177.7828333,7.3,1.28,ml,8,141,0.02325,0.08,av,av62162781,2020-05-01T16:44:01.110Z,"25km ESE of Tanaga Volcano, Alaska",earthquake,0.44,0.37,0.264,8,reviewed,av,av
2020-05-01T06:50:43.610Z,35.9573333,-117.6635,4.24,0.53,ml,15,103,0.01421,0.06,ci,ci38475370,2020-05-01T18:41:59.380Z,"22km E of Little Lake, CA",earthquake,0.15,0.18,0.154,4,reviewed,ci,ci
2020-05-01T06:36:51.290Z,33.9865,-117.1283333,13.75,0.62,ml,30,42,0.05373,0.14,ci,ci38475362,2020-05-01T18:39:17.363Z,"7km W of Calimesa, CA",earthquake,0.19,0.51,0.182,7,reviewed,ci,ci
2020-05-01T06:35:11.763Z,59.5153,-152.2787,59.9,1.2,ml,,,,0.4,ak,ak0205lvcguv,2020-05-05T20:50:50.118Z,"38km SW of Anchor Point, Alaska",earthquake,,0.2,,,reviewed,ak,ak
2020-05-01T06:33:18.765Z,31.6482,-104.2384,5,2.5,ml,,56,0.224,0.43,us,us7000983r,2020-07-18T21:57:08.040Z,"56 km NW of Toyah, Texas",earthquake,0.9,1.9,0.064,50,reviewed,us,us
2020-05-01T06:23:39.562Z,63.2793,-150.5517,128.9,1.2,ml,,,,0.34,ak,ak0205lv9yv6,2020-05-05T20:50:49.317Z,"81km W of Cantwell, Alaska",earthquake,,0.3,,,reviewed,ak,ak
2020-05-01T06:15:19.800Z,37.2818333,-121.6478333,5.8,0.93,md,23,42,0.03045,0.12,nc,nc73378810,2020-05-05T20:49:03.065Z,"17km N of Morgan Hill, CA",earthquake,0.24,0.71,0.115,15,reviewed,nc,nc
2020-05-01T06:14:51.905Z,62.1051,-149.7561,57,0.8,ml,,,,0.2,ak,ak0205lv81wm,2020-05-05T20:51:49.431Z,"7km SE of Y, Alaska",earthquake,,0.7,,,reviewed,ak,ak
2020-05-01T06:03:27.100Z,35.8701667,-117.6993333,11.38,0.16,ml,13,73,0.08134,0.12,ci,ci38475378,2020-05-02T00:42:56.342Z,"20km ESE of Little Lake, CA",earthquake,0.31,0.59,0.041,4,reviewed,ci,ci
2020-05-01T06:02:20.960Z,35.8783333,-117.7176667,9.71,1.03,ml,22,64,0.07949,0.1,ci,ci38475354,2020-05-01T18:22:09.263Z,"18km ESE of Little Lake, CA",earthquake,0.15,0.37,0.177,9,reviewed,ci,ci
2020-05-01T06:02:12.520Z,19.2369995,-155.4329987,31.03,2.06,md,36,110,0.03354,0.12,hv,hv71495102,2020-05-01T06:05:18.330Z,"6km NE of Pahala, Hawaii",earthquake,0.54,0.92,0.23,14,automatic,hv,hv
2020-05-01T05:59:39.590Z,19.1673,-64.4675,31,3.72,md,16,328,1.1847,0.25,pr,pr2020122005,2020-07-18T21:57:07.040Z,"83km N of Road Town, British Virgin Islands",earthquake,2.3,17.38,0.1,14,reviewed,pr,pr
2020-05-01T05:57:02.570Z,38.8095016,-122.8274994,1.52,0.32,md,19,63,0.001456,0.02,nc,nc73378800,2020-05-01T06:16:02.948Z,"7km WNW of The Geysers, CA",earthquake,0.19,0.41,0.24,2,automatic,nc,nc
2020-05-01T05:54:29.090Z,17.8131,-66.822,7,2.5,md,13,236,0.1718,0.2,pr,pr2020122004,2020-05-01T06:12:18.690Z,"19km SSE of Guanica, Puerto Rico",earthquake,1.03,0.79,0.27,8,reviewed,pr,pr
2020-05-01T05:53:18.888Z,64.353,-149.8024,19.4,0.8,ml,,,,0.5,ak,ak0205luuwoi,2020-05-05T20:50:48.417Z,"41km SW of North Nenana, Alaska",earthquake,,0.1,,,reviewed,ak,ak
2020-05-01T05:51:54.880Z,35.9568333,-117.479,1.59,-0.33,ml,5,231,0.1018,0.08,ci,ci38475346,2020-05-02T00:41:31.303Z,"22km NNW of Searles Valley, CA",earthquake,0.48,0.63,0.128,2,reviewed,ci,ci
2020-05-01T05:49:50.560Z,38.8050003,-122.7391663,1.99,0.8,md,10,202,0.01664,0.02,nc,nc73378795,2020-05-01T06:06:03.889Z,"2km SW of Cobb, CA",earthquake,0.58,0.84,0.23,2,automatic,nc,nc
2020-05-01T05:49:14.775Z,31.6511,-104.3846,5,2.6,ml,,62,0.1,0.48,us,us7000988x,2020-07-18T21:57:08.040Z,"74km W of Mentone, Texas",earthquake,0.8,1.9,0.074,26,reviewed,us,us
2020-05-01T05:48:12.530Z,38.044,-118.7595,2.7,1.77,md,25,190,0.2883,0.06,nc,nc73378790,2020-05-02T12:02:04.708Z,"29km SE of Bodie, CA",earthquake,0.46,9.22,0.218,23,reviewed,nc,nc
2020-05-01T05:46:43.868Z,31.6517,-104.3996,5,2.7,ml,,63,0.087,0.8,us,us70009837,2020-07-18T21:57:07.040Z,"58 km S of Whites City, New Mexico",earthquake,1.8,1.9,0.074,58,reviewed,us,us
2020-05-01T05:46:36.480Z,35.931,-117.6921667,4.04,0.48,ml,16,59,0.03787,0.07,ci,ci38475338,2020-05-01T17:17:50.818Z,"19km E of Little Lake, CA",earthquake,0.13,0.28,0.064,4,reviewed,ci,ci
2020-05-01T05:46:29.705Z,-4.5463,153.2903,62.64,4.9,mb,,119,1.177,0.69,us,us7000983b,2020-07-18T21:57:07.040Z,"115 km E of Kokopo, Papua New Guinea",earthquake,7.6,7.9,0.112,25,reviewed,us,us
2020-05-01T05:46:22.910Z,-18.4626,168.9619,225.3,4.4,mb,,79,3.127,0.97,us,us70009b4h,2020-07-18T21:57:43.040Z,"Vanuatu",earthquake,9.1,7.5,0.148,13,reviewed,us,us
2020-05-01T05:45:55.208Z,51.4294,-175.5555,26.5,2.2,ml,,,,0.6,ak,ak0205lutdcu,2020-05-05T20:50:47.619Z,"91km ESE of Adak, Alaska",earthquake,,16.5,,,reviewed,ak,ak
2020-05-01T05:41:13.426Z,58.4875,-137.0941,0,2.5,ml,,,,0.65,ak,ak0205lusbu2,2020-07-18T21:57:09.040Z,"75km WNW of Gustavus, Alaska",ice quake,,0,,,reviewed,ak,ak
2020-05-01T05:38:22.560Z,34.0256667,-117.2533333,16.31,0.65,ml,29,57,0.08032,0.16,ci,ci38475330,2020-05-01T16:59:47.637Z,"3km SSE of Loma Linda, CA",earthquake,0.26,0.5,0.194,12,reviewed,ci,ci
2020-05-01T05:33:43.269Z,44.3857,-115.187,10,2.6,ml,,60,0.91,0.83,us,us7000982t,2020-07-18T21:57:07.040Z,"southern Idaho",earthquake,2.4,2,0.055,44,reviewed,us,us
2020-05-01T05:29:50.071Z,60.956,-152.1896,90.3,0.9,ml,,,,0.32,ak,ak0205luptwm,2020-05-05T20:50:45.966Z,"57km WNW of Nikiski, Alaska",earthquake,,0.1,,,reviewed,ak,ak
2020-05-01T05:29:42.891Z,36.7236,-116.0558,2.4,0.1,ml,11,128.83,0.043,0.1339,nn,nn00724151,2020-05-01T19:29:12.063Z,"57km N of Pahrump, Nevada",earthquake,,2.6,0.46,6,reviewed,nn,nn
2020-05-01T05:28:54.790Z,41.8385,-112.3618333,1.51,0.75,md,7,103,0.1814,0.1,uu,uu60383052,2020-05-01T15:23:44.230Z,"19km WNW of Garland, Utah",earthquake,0.42,31.61,0.177,4,reviewed,uu,uu
2020-05-01T05:27:44.810Z,53.856,-166.6361667,8.6,-0.81,ml,4,144,0.03979,0.05,av,av70891059,2020-05-01T16:37:53.970Z,"6km WSW of Unalaska, Alaska",earthquake,0.47,0.72,0.277,4,reviewed,av,av
2020-05-01T05:20:48.950Z,53.8556667,-166.6363333,8.27,-0.46,ml,4,144,0.03995,0.03,av,av70891054,2020-05-01T16:34:51.330Z,"6km WSW of Unalaska, Alaska",earthquake,0.46,0.68,0.269,4,reviewed,av,av
2020-05-01T05:19:16.460Z,35.8208333,-117.6538333,7.78,0.88,ml,18,76,0.04606,0.13,ci,ci38475322,2020-05-01T16:19:33.477Z,"22km N of Ridgecrest, CA",earthquake,0.19,0.53,0.156,8,reviewed,ci,ci
2020-05-01T05:18:50.740Z,35.92,-117.6778333,8.68,0.13,ml,6,120,0.03566,0.12,ci,ci37444261,2020-05-01T17:14:05.804Z,"21km E of Little Lake, CA",earthquake,0.49,1.18,0.083,2,reviewed,ci,ci
2020-05-01T05:18:50.680Z,36.0268333,-117.647,2.1,0.2,ml,4,162,0.07882,0.04,ci,ci37444237,2020-05-01T16:40:12.740Z,"25km ENE of Little Lake, CA",earthquake,0.59,0.9,0.017,1,reviewed,ci,ci
2020-05-01T05:10:36.564Z,59.0122,-154.3777,119.9,2,ml,,,,0.48,ak,ak0205lulq8a,2020-05-05T20:50:44.858Z,"87km SSE of Old Iliamna, Alaska",earthquake,,0.2,,,reviewed,ak,ak
2020-05-01T05:09:57.701Z,61.7545,-147.2187,31.3,1.5,ml,,,,0.74,ak,ak0205lulk3d,2020-05-05T20:50:43.894Z,"83km NNW of Valdez, Alaska",earthquake,,0.1,,,reviewed,ak,ak
2020-05-01T05:01:20.087Z,66.3456,-157.4067,6,1.8,ml,,,,0.45,ak,ak0205lujrkb,2020-05-05T20:50:42.968Z,"66km SSW of Kobuk, Alaska",earthquake,,0.1,,,reviewed,ak,ak
2020-05-01T04:59:56.461Z,66.3355,-157.3941,5,1,ml,,,,0.18,ak,ak0205luaued,2020-05-05T20:50:42.023Z,"67km SSW of Kobuk, Alaska",earthquake,,0.2,,,reviewed,ak,ak
2020-05-01T04:55:23.629Z,-17.5721,-177.1209,361.36,4.9,mb,,43,3.385,1.24,us,us7000982h,2020-07-18T21:57:07.040Z,"Fiji region",earthquake,9.5,5.6,0.025,494,reviewed,us,us
2020-05-01T04:52:36.588Z,59.5074,-152.9411,97.5,1.6,ml,,,,0.35,ak,ak0205lu9anq,2020-05-05T20:50:41.047Z,"69km WSW of Anchor Point, Alaska",earthquake,,0.2,,,reviewed,ak,ak
2020-05-01T04:51:27.347Z,51.8202,-179.4672,13.2,1.7,ml,,,,0.45,ak,ak0205lu92am,2020-05-05T20:51:48.647Z,"65km ESE of Semisopochnoi Island, Alaska",earthquake,,0.8,,,reviewed,ak,ak
2020-05-01T04:47:59.005Z,44.3878,-115.1907,10,3.1,ml,,60,0.906,0.88,us,us7000982b,2020-07-18T21:57:07.040Z,"27 km NW of Stanley, Idaho",earthquake,2.9,2,0.043,70,reviewed,us,us
2020-05-01T04:47:54.219Z,35.11583333,-95.53283333,7.41,1.81,ml,45,119,0.1007802235,0.22,ok,ok2020inlj,2020-05-01T13:49:14.454Z,"14km S of Longtown, Oklahoma",earthquake,,0.6,0.29,15,reviewed,ok,ok
2020-05-01T04:47:06.900Z,35.9588333,-117.6721667,4,0.93,ml,20,63,0.02077,0.14,ci,ci38475226,2020-05-01T16:13:30.120Z,"21km E of Little Lake, CA",earthquake,0.21,0.3,0.202,6,reviewed,ci,ci
2020-05-01T04:42:12.120Z,38.8341667,-122.8166667,1.68,0.28,md,22,48,0.01193,0.03,nc,nc73378780,2020-05-04T16:30:04.028Z,"8km NW of The Geysers, CA",earthquake,0.17,0.36,,1,reviewed,nc,nc
2020-05-01T04:38:55.956Z,62.8813,-150.5257,86.5,1.1,ml,,,,0.46,ak,ak0205lu6cdd,2020-05-05T20:50:40.146Z,"65km NNW of Talkeetna, Alaska",earthquake,,0.3,,,reviewed,ak,ak
2020-05-01T04:30:23.460Z,53.8676667,-167.2631667,22.53,0.64,ml,5,322,0.2335,0.08,av,av70891044,2020-05-01T16:26:17.070Z,"47km W of Unalaska, Alaska",earthquake,1.08,1.75,0.255,5,reviewed,av,av
2020-05-01T04:28:34.650Z,35.8248333,-117.661,5.47,1.17,ml,23,64,0.05239,0.15,ci,ci38475218,2020-05-01T16:10:12.539Z,"23km N of Ridgecrest, CA",earthquake,0.19,0.57,0.131,14,reviewed,ci,ci
2020-05-01T04:26:48.978Z,60.1358,-140.6455,16.7,1.2,ml,,,,0.48,ak,ak0205lu3r29,2020-05-05T20:51:47.901Z,"83km NW of Yakutat, Alaska",earthquake,,0.1,,,reviewed,ak,ak
2020-05-01T04:26:19.466Z,39.1761,-119.6624,0,0.8,ml,4,129.05,0.049,0.136,nn,nn00724201,2020-05-02T02:08:42.208Z,"9km E of Carson City, Nevada",earthquake,,0,0,1,reviewed,nn,nn
2020-05-01T04:09:01.694Z,44.3716,-115.1767,10,2.6,ml,,73,0.925,1.09,us,us70009823,2020-07-18T21:57:07.040Z,"southern Idaho",earthquake,2.8,2,0.051,50,reviewed,us,us
2020-05-01T04:02:16.306Z,-4.5932,153.2303,56.3,4.8,mww,,99,1.136,0.84,us,us70009822,2020-07-18T21:57:07.040Z,"110 km ESE of Kokopo, Papua New Guinea",earthquake,7.1,6,0.098,10,reviewed,us,us
2020-05-01T04:01:35.842Z,67.4298,-163.228,9.9,1.4,ml,,,,0.49,ak,ak0205ltyd42,2020-05-05T20:50:39.324Z,"19km SW of Noatak, Alaska",earthquake,,0.2,,,reviewed,ak,ak
2020-05-01T03:58:57.802Z,58.265,-155.143,5.7,-0.1,ml,,,,0.18,ak,ak0205ltp71w,2020-05-05T20:51:47.145Z,"100km ESE of King Salmon, Alaska",earthquake,,0.1,,,reviewed,ak,ak
2020-05-01T03:58:56.459Z,65.1836,-148.7529,11.1,0.7,ml,,,,0.36,ak,ak0205ltp6we,2020-05-05T20:50:38.467Z,"51km NW of Ester, Alaska",earthquake,,0.4,,,reviewed,ak,ak
2020-05-01T03:57:30.032Z,63.2741,-151.3144,6.4,1.4,ml,,,,0.4,ak,ak0205ltox6m,2020-05-05T20:50:37.563Z,"119km W of Cantwell, Alaska",earthquake,,0.2,,,reviewed,ak,ak
2020-05-01T03:56:17.385Z,58.2371,-155.1246,3.7,-0.1,ml,,,,0.27,ak,ak0205ltoobz,2020-05-05T20:50:36.844Z,"102km ESE of King Salmon, Alaska",earthquake,,0.1,,,reviewed,ak,ak
2020-05-01T03:52:26.460Z,38.803833,-122.7334976,1.34,0.72,md,13,143,0.02073,0.06,nc,nc73378775,2020-05-01T04:41:04.089Z,"2km SSW of Cobb, CA",earthquake,0.38,0.74,0.04,3,automatic,nc,nc
2020-05-01T03:51:44.260Z,44.2555,-115.0113333,5.98,2.08,ml,9,86,0.816,0.2,mb,mb80415424,2020-05-05T23:26:30.620Z,"68km WSW of Challis, Idaho",earthquake,0.53,1.5,0.251,8,reviewed,mb,mb
2020-05-01T03:47:33.843Z,61.9281,-147.7417,36,1.4,ml,,,,0.61,ak,ak0205ltms9x,2020-05-05T20:50:35.908Z,"60km ENE of Sutton-Alpine, Alaska",earthquake,,0.1,,,reviewed,ak,ak
2020-05-01T03:45:59.645Z,-23.0967,-177.0264,111.14,4.6,mb,,120,6.176,0.76,us,us70009b48,2020-07-18T21:57:42.040Z,"south of the Fiji Islands",earthquake,14.1,7,0.141,15,reviewed,us,us
2020-05-01T03:45:24.810Z,38.8261681,-122.8131638,1.88,1.12,md,16,53,0.003673,0.01,nc,nc73378765,2020-05-01T06:18:02.962Z,"7km NW of The Geysers, CA",earthquake,0.23,0.6,,1,automatic,nc,nc
2020-05-01T03:45:11.550Z,38.8261681,-122.8134995,1.99,0.56,md,10,70,0.003851,0.01,nc,nc73378760,2020-05-01T05:51:03.790Z,"7km NW of The Geysers, CA",earthquake,0.35,0.98,,1,automatic,nc,nc
2020-05-01T03:44:40.231Z,61.4378,-152.3163,6.2,0.1,ml,,,,0.55,ak,ak0205ltm5lb,2020-05-05T20:50:35.177Z,"100km NNW of Nikiski, Alaska",earthquake,,0.4,,,reviewed,ak,ak
2020-05-01T03:27:46.048Z,61.2404,-150.576,56.8,0.8,ml,,,,0.35,ak,ak0205ltiinl,2020-05-05T20:50:34.421Z,"36km W of Anchorage, Alaska",earthquake,,0.6,,,reviewed,ak,ak
2020-05-01T03:18:38.705Z,54.5511,-161.1982,10,2.6,ml,,187,0.712,0.62,us,us70009an1,2020-07-18T21:57:39.040Z,"91 km SE of King Cove, Alaska",earthquake,3.2,2,0.081,20,reviewed,us,us
2020-05-01T03:15:28.450Z,36.3941667,-116.5433333,3.69,1.39,ml,13,133,0.2058,0.17,ci,ci38475210,2020-05-02T00:26:59.149Z,"28km ESE of Furnace Creek, CA",earthquake,0.33,1.21,0.116,9,reviewed,ci,ci
2020-05-01T03:12:15.000Z,35.911,-117.6765,4.61,0.83,ml,16,78,0.04249,0.08,ci,ci38475202,2020-05-01T15:11:42.917Z,"21km E of Little Lake, CA",earthquake,0.14,0.3,0.08,7,reviewed,ci,ci
2020-05-01T03:07:24.880Z,33.4828333,-116.813,6.89,0.5,ml,18,73,0.0313,0.18,ci,ci38475194,2020-05-01T13:13:53.213Z,"7km NE of Aguanga, CA",earthquake,0.3,0.82,0.108,13,reviewed,ci,ci
2020-05-01T02:55:42.050Z,38.7584991,-122.7163315,1.38,0.55,md,8,118,0.007349,0.02,nc,nc73378745,2020-05-01T03:14:03.206Z,"3km SW of Anderson Springs, CA",earthquake,0.38,0.44,0.05,2,automatic,nc,nc
2020-05-01T02:50:30.200Z,33.5006667,-116.5033333,9.95,0.63,ml,25,58,0.06121,0.14,ci,ci38475186,2020-05-01T13:14:04.077Z,"17km ESE of Anza, CA",earthquake,0.22,0.49,0.107,19,reviewed,ci,ci
2020-05-01T02:49:55.900Z,38.835,-122.8003333,2.67,0.29,md,18,60,0.008512,0.03,nc,nc73378740,2020-05-05T20:31:04.944Z,"7km WNW of Cobb, CA",earthquake,0.2,0.4,,1,reviewed,nc,nc
2020-05-01T02:48:56.239Z,-21.494,170.228,109.53,4.4,mb,,233,2.046,0.75,us,us70009b4c,2020-07-18T21:57:43.040Z,"237 km SSE of Isangel, Vanuatu",earthquake,12.8,10.3,0.204,7,reviewed,us,us
2020-05-01T02:46:09.870Z,47.7098333333333,-120.335833333333,1.09,0.66,md,5,182,0.1054,0.04,uw,uw61618386,2020-05-04T23:06:29.460Z,"10km WNW of Entiat, Washington",earthquake,0.44,6.37,0.254663063067986,4,reviewed,uw,uw
2020-05-01T02:36:52.330Z,35.8226667,-117.659,5.93,0.94,ml,13,75,0.05045,0.13,ci,ci38475170,2020-05-01T13:14:03.077Z,"22km N of Ridgecrest, CA",earthquake,0.3,0.79,0.125,9,reviewed,ci,ci
2020-05-01T02:36:47.554Z,59.5059,-152.66,74.6,2,ml,,,,0.39,ak,ak0205lsz0vb,2020-05-05T20:50:32.579Z,"55km WSW of Anchor Point, Alaska",earthquake,,0.1,,,reviewed,ak,ak
2020-05-01T02:36:24.950Z,36.0096667,-117.3518333,2.59,1.08,ml,24,58,0.1309,0.17,ci,ci38475162,2020-05-05T04:33:56.847Z,"27km N of Searles Valley, CA",earthquake,0.22,0.86,0.192,11,reviewed,ci,ci
2020-05-01T02:33:45.310Z,35.8268333,-117.6485,6.88,0.49,ml,12,86,0.04289,0.16,ci,ci38475178,2020-05-01T04:59:08.212Z,"23km WNW of Searles Valley, CA",earthquake,0.37,0.64,0.145,4,reviewed,ci,ci
2020-05-01T02:27:40.590Z,35.6101667,-117.4073333,5.68,1.39,ml,14,79,0.09191,0.23,ci,ci38475154,2020-05-01T13:14:50.081Z,"17km S of Trona, CA",earthquake,0.59,1.83,0.176,19,reviewed,ci,ci
2020-05-01T02:24:46.530Z,33.5013333,-116.5051667,10.08,0.61,ml,25,58,0.06003,0.16,ci,ci38475146,2020-05-01T13:15:08.084Z,"17km ESE of Anza, CA",earthquake,0.26,0.47,0.164,17,reviewed,ci,ci
2020-05-01T02:20:52.071Z,55.3787,-159.6912,62.73,2.9,ml,,114,0.449,0.42,us,us7000981e,2020-07-18T21:57:07.040Z,"Alaska Peninsula",earthquake,4,8.6,0.056,42,reviewed,us,us
2020-05-01T02:19:37.134Z,53.8381,-165.5675,63.9,1.5,ml,,,,0.3,ak,ak0205lsvcxk,2020-05-05T20:50:30.847Z,"35km SSE of Akutan, Alaska",earthquake,,0.5,,,reviewed,ak,ak
2020-05-01T02:19:33.110Z,33.4813333,-116.8091667,5.99,0.4,ml,16,77,0.03182,0.18,ci,ci38475138,2020-05-01T13:15:09.084Z,"7km NE of Aguanga, CA",earthquake,0.44,1.46,0.122,13,reviewed,ci,ci
2020-05-01T02:17:51.574Z,61.8295,-149.522,46,1,ml,,,,0.28,ak,ak0205lsuyjg,2020-05-05T20:50:30.068Z,"17km WNW of Fishhook, Alaska",earthquake,,0.3,,,reviewed,ak,ak
2020-05-01T02:14:46.150Z,17.928,-66.916,11,2.54,md,18,212,0.0598,0.2,pr,pr2020122003,2020-05-01T02:55:05.347Z,"4km S of Guanica, Puerto Rico",earthquake,0.63,0.53,0.19,12,reviewed,pr,pr
2020-05-01T02:14:23.000Z,37.5508333,-112.4596667,2.45,1.76,ml,14,109,0.1593,0.23,uu,uu60383032,2020-05-01T14:05:34.470Z,"30km S of Panguitch, Utah",earthquake,0.69,2.36,0.134,3,reviewed,uu,uu
2020-05-01T02:11:53.330Z,35.6853333,-117.4763333,12.5,1.21,ml,10,169,0.1632,0.17,ci,ci38475130,2020-05-01T13:15:25.084Z,"11km SW of Searles Valley, CA",earthquake,0.69,1.49,0.154,13,reviewed,ci,ci
2020-05-01T02:07:40.414Z,37.2993,-115.9877,5.6,0.4,ml,17,300.23,0.113,0.1711,nn,nn00724143,2020-05-01T16:57:37.792Z,"73km W of Alamo, Nevada",earthquake,,3.2,0.21,7,reviewed,nn,nn
2020-05-01T02:06:48.980Z,58.2798333,-154.9846667,-0.14,-1.04,ml,4,209,0.04465,0.01,av,av70891029,2020-05-01T15:57:32.260Z,"101km NW of Larsen Bay, Alaska",earthquake,0.57,3.32,0.275,3,reviewed,av,av
2020-05-01T02:04:46.002Z,60.4126,-150.6309,52.8,1,ml,,,,0.3,ak,ak0205lss5vc,2020-05-05T20:51:46.367Z,"15km SSE of Sterling, Alaska",earthquake,,0.3,,,reviewed,ak,ak
2020-05-01T02:03:44.644Z,-30.335,-177.8689,10,5,mb,,183,1.087,0.89,us,us70009b47,2020-07-18T21:57:42.040Z,"118km S of Raoul Island, New Zealand",earthquake,10,1.9,0.178,11,reviewed,us,us
2020-05-01T01:55:06.730Z,36.4275,-97.30983333,5,1.39,ml,71,40,0,0.28,ok,ok2020infr,2020-05-01T14:06:08.093Z,"15km N of Perry, Oklahoma",earthquake,,0.7,0.25,29,reviewed,ok,ok
2020-05-01T01:42:20.954Z,59.3492,-153.0331,81.6,1.4,ml,,,,0.29,ak,ak0205lsetid,2020-05-05T20:50:29.175Z,"82km SW of Anchor Point, Alaska",earthquake,,0.4,,,reviewed,ak,ak
2020-05-01T01:37:22.000Z,17.8875,-66.8473,13,2.75,md,20,223,0.0932,0.25,pr,pr2020122002,2020-05-01T01:54:26.792Z,"10km SSE of Maria Antonia, Puerto Rico",earthquake,0.87,0.52,0.28,11,reviewed,pr,pr
2020-05-01T01:36:27.310Z,38.8436667,-122.757,1.25,,,13,233,0.007417,0.03,nc,nc73378720,2020-05-06T02:21:04.021Z,"4km NW of Cobb, CA",earthquake,0.76,0.6,,,reviewed,nc,nc
2020-05-01T01:35:51.730Z,44.4306667,-110.8525,3.96,1.53,ml,23,73,0.02386,0.16,uu,uu60383022,2020-05-01T13:52:09.580Z,"3km SSW of Old Faithful Geyser, Wyoming",earthquake,0.41,0.69,0.317,2,reviewed,uu,uu
2020-05-01T01:16:13.705Z,62.7562,-149.2478,65,1.5,ml,,,,0.55,ak,ak0205ls98g2,2020-05-05T20:50:28.270Z,"65km NE of Talkeetna, Alaska",earthquake,,0.2,,,reviewed,ak,ak
2020-05-01T01:10:37.911Z,-20.0751,169.7068,91.95,4.5,mb,,140,2.101,0.48,us,us70009b46,2020-07-18T21:57:42.040Z,"73 km SE of Isangel, Vanuatu",earthquake,13,6.7,0.139,15,reviewed,us,us
2020-05-01T01:07:50.864Z,-20.2079,-177.2741,360.47,4.4,mb,,64,5.055,0.96,us,us70009b5b,2020-07-18T21:57:43.040Z,"238 km WNW of Haveluloto, Tonga",earthquake,12.9,8.2,0.13,17,reviewed,us,us
2020-05-01T01:06:41.772Z,61.7477,-150.7128,0.4,1.4,ml,,,,0.54,ak,ak0205ls75ed,2020-05-05T20:50:27.318Z,"35km W of Willow, Alaska",earthquake,,0.3,,,reviewed,ak,ak
2020-05-01T01:06:03.585Z,-25.5463,-176.5478,72.5,4.2,mb,,146,3.883,0.38,us,us70009b44,2020-07-18T21:57:42.040Z,"south of the Fiji Islands",earthquake,12.8,8,0.2,7,reviewed,us,us
2020-05-01T01:03:29.376Z,52.5926,-174.117,156.15,2.7,ml,,162,0.243,0.4,us,us70009an9,2020-07-18T21:57:40.040Z,"44 km N of Atka, Alaska",earthquake,20.1,17.7,0.105,12,reviewed,us,us
2020-05-01T01:01:02.238Z,-24.0204,-66.9818,167.65,4.8,mww,,39,1.529,1.16,us,us7000980f,2020-07-18T21:57:07.040Z,"70km WNW of San Antonio de los Cobres, Argentina",earthquake,7.6,4.8,0.06,27,reviewed,us,us
2020-05-01T01:00:20.290Z,33.9555,-116.7033333,12.63,1.11,ml,37,45,0.09473,0.17,ci,ci38475114,2020-05-01T13:15:44.088Z,"9km ENE of Cabazon, CA",earthquake,0.23,0.68,0.161,28,reviewed,ci,ci
2020-05-01T00:59:18.090Z,17.9706,-66.9218,13,2.4,md,9,194,0.1224,0.33,pr,pr2020122001,2020-05-01T01:18:46.407Z,"1km W of Guanica, Puerto Rico",earthquake,1.4,1.17,0.3,7,reviewed,pr,pr
2020-05-01T00:55:33.670Z,33.5486667,-116.6633333,10.7,0.94,ml,48,37,0.03273,0.14,ci,ci38475106,2020-05-01T15:01:41.847Z,"1km SE of Anza, CA",earthquake,0.13,0.2,0.157,25,reviewed,ci,ci
2020-05-01T00:50:45.693Z,51.8204,-176.5956,65.7,1.8,ml,,,,0.38,ak,ak0205lrv5kp,2020-05-05T20:51:44.850Z,"7km SSE of Adak, Alaska",earthquake,,0.1,,,reviewed,ak,ak
2020-05-01T00:50:35.010Z,51.7816,-176.571,62.3,1.8,ml,,,,0.28,ak,ak0205lrv4r1,2020-05-05T20:51:44.011Z,"12km SSE of Adak, Alaska",earthquake,,0.1,,,reviewed,ak,ak
2020-05-01T00:49:50.900Z,33.8913333,-116.858,14.94,1.14,ml,40,50,0.07657,0.2,ci,ci38475098,2020-05-01T13:16:33.140Z,"4km SSE of Banning, CA",earthquake,0.27,0.64,0.215,27,reviewed,ci,ci
2020-05-01T00:47:58.472Z,51.6841,-176.5661,63.91,3,ml,,206,0.202,0.25,us,us70009amz,2020-07-18T21:57:39.040Z,"21 km SSE of Adak, Alaska",earthquake,8.8,10.6,0.128,8,reviewed,us,us
2020-05-01T00:44:47.820Z,47.7103333333333,-120.334833333333,2.05,1.12,ml,9,85,0.1059,0.05,uw,uw61618326,2020-05-04T23:02:48.520Z,"10km WNW of Entiat, Washington",earthquake,0.23,2.4,0.119364385770568,4,reviewed,uw,uw
2020-05-01T00:44:36.160Z,58.2218333,-155.1971667,4.14,-0.89,ml,6,218,0.02174,0.07,av,av70891014,2020-05-01T15:44:56.780Z,"100km ESE of King Salmon, Alaska",earthquake,0.56,1.3,0.516,6,reviewed,av,av
2020-05-01T00:42:40.877Z,51.6755,-174.0103,8.1,1.6,ml,,,,0.23,ak,ak0205lrtfh3,2020-05-05T20:51:43.251Z,"59km SSE of Atka, Alaska",earthquake,,1.8,,,reviewed,ak,ak
2020-05-01T00:37:20.130Z,17.9546,-66.6148,5,3.02,md,22,185,0.0886,0.19,pr,pr2020122000,2020-05-01T01:53:56.239Z,"6km S of Ponce, Puerto Rico",earthquake,0.47,0.26,0.17,19,reviewed,pr,pr
2020-05-01T00:28:56.940Z,40.7295,-112.06,8.79,1.32,ml,31,38,0.01851,0.14,uu,uu60383007,2020-05-01T13:59:22.580Z,"4km ENE of Magna, Utah",earthquake,0.25,0.48,0.328,2,reviewed,uu,uu
2020-05-01T00:25:30.680Z,19.3368333,-155.1646667,5.17,1.57,md,40,89,0.04262,0.1,hv,hv71494762,2020-05-01T00:50:55.660Z,"12km SE of Volcano, Hawaii",earthquake,0.31,0.84,0.098,17,reviewed,hv,hv
2020-05-01T00:25:03.306Z,62.9304,-151.3669,110.2,1.6,ml,,,,0.51,ak,ak0205lrpphj,2020-05-05T20:50:25.535Z,"93km NW of Talkeetna, Alaska",earthquake,,0.2,,,reviewed,ak,ak
2020-05-01T00:20:31.820Z,35.879,-117.7173333,10,0.74,ml,17,64,0.08021,0.1,ci,ci38475082,2020-05-01T03:02:15.583Z,"18km ESE of Little Lake, CA",earthquake,0.18,0.43,0.133,5,reviewed,ci,ci
2020-05-01T00:17:20.431Z,60.6026,-151.2038,64,1,ml,,,,0.52,ak,ak0205lro0zv,2020-05-05T20:51:42.393Z,"6km NNE of Kenai, Alaska",earthquake,,0.6,,,reviewed,ak,ak
2020-05-01T00:14:49.913Z,64.4774,-147.2903,15.1,0.5,ml,,,,0.44,ak,ak0205lrng55,2020-05-05T20:50:24.777Z,"19km WSW of Salcha, Alaska",earthquake,,0.3,,,reviewed,ak,ak
2020-05-01T00:09:08.410Z,32.9916667,-115.7673333,9.55,2.26,ml,63,42,0.05392,0.25,ci,ci38475066,2020-05-01T14:52:26.160Z,"14km WSW of Westmorland, CA",earthquake,0.18,0.51,0.156,73,reviewed,ci,ci
2020-05-01T00:06:23.770Z,47.7078333333333,-120.335333333333,3.14,2.87,ml,17,85,0.1034,0.06,uw,uw61618306,2020-07-18T21:57:07.040Z,"7km WNW of Entiat, Washington",earthquake,0.17,1.23,0.186725791346349,3,reviewed,uw,uw
2020-05-01T00:04:38.260Z,19.3306675,-155.1708374,4.12,1.7,ml,40,88,0.04855,0.17,hv,hv71494742,2020-05-01T00:10:11.040Z,"13km SSE of Volcano, Hawaii",earthquake,0.39,2.11,0.14,6,automatic,hv,hv
2020-05-01T00:04:35.010Z,35.8231667,-117.6558333,6.61,0.34,ml,14,69,0.04798,0.15,ci,ci38475042,2020-05-01T14:39:41.663Z,"23km N of Ridgecrest, CA",earthquake,0.26,0.59,0.106,4,reviewed,ci,ci
2020-05-01T00:02:06.709Z,63.9239,-148.9426,0,1.5,ml,,,,0.43,ak,ak0205lrks6y,2020-05-05T20:50:23.862Z,"7km N of Healy, Alaska",explosion,,0,,,reviewed,ak,ak
